pdf_name,land_surface_ha,power_mwc
2023apara103_pv_aveze_63.pdf,10.9,11.82
p_2020_10020_avis_ae_delegation_centrale_bessac_16_mrae_signe.pdf,3.5,
a_2024_5581_installation_photovoltaique_sol_mesnil_en_ouche_27_delibere.pdf,5.09,
8002_avis_centrale_photo_douai_anhiers.pdf,26.5,
007682_avis_centrale_photovoltaique_combles.pdf,3.76,1.0
p2024_15528_a_pv_3voie_fontaine_86.pdf,4.6,2.73
11303_avis_parcagrivoltaiqueploerdut_56_2024apb26.pdf,57.0,1.0
2023apge105.pdf,10.5,9.47
p_2021_11827_avis_parcpv_saint-hilaire-la-treille_87_jt_mrae_signe.pdf,103.0,112.0
210420_abfc13_pv_villeneuve_la_dondagre_89.pdf,10.6,7.853
2022apcvl43.pdf,76.0,1.0
20250930-ap-1935-agripv-terjat-03vdeliberee.pdf,17.05,9.81
2022apcvl57.pdf,140.0,1.0
p_2024_15841_cible_centrale_agripv_nerac_47_2024-06-25_12-17-47_246_1_.pdf,16.5,15.79
p_2023_15207_avis_ae_delegation_centrale_linxe_40-1.pdf,28.73,16.99
2023apge79.pdf,27.0,26.72
2018apcvl70_avis_pv_billy.pdf,6.0,6.34
p_2022_12484_a_jt-saint-hilaire-du-bois_17_-mrae-signe.pdf,8.5,
avi_2019apguy6_centrale_photovoltaique_slm.pdf,6.5,4.6
2024apo106.pdf,5.4,4.96
2025apcvl24.pdf,10.2,3.0
2024apo112.pdf,5.0,
a_2021-4287_parc-photovoltaique_fontenay-le-pesnel_delibere.pdf,4.7,
2023apge51.pdf,23.4,2.24
210504_apbfc16_parc_photovoltaique_villon_89.pdf,8000.0,42.27
2020apbfc46_pv_la_faye_irancy_st_bris_89.pdf,19.54,500.0
2021apcvl65.pdf,14.0,
230913_projet_ap-1601-_parcpv_-colonzelle_26_vf.pdf,1.735,1.41
avi_2022_apgua5_centrale_photovoltaique_marie_galante.pdf,71.1,
2024apge21.pdf,7.7,
006821_ap_centrale_pv_villers-en-cauchies.pdf,2.63,3.23
avis_pv_moneteau89_final.pdf,6.0,
p_2022_13140_a_photovolt_allons-47_mrae_signe.pdf,1900.0,3.0
2023apo30.pdf,15.9,13.0
avi_2022_apmar1_pc_centralephotovoltaique_bellefontaine.pdf,10.0,4.0
2021apge12.pdf,7.9,
2020apo88.pdf,66.0,49.4
2022apo30.pdf,80.0,44.0
210629_apbfc26_avis_pv_voulaines_21.pdf,8.9,3.93
2022apara29_icpe_recyclagephotovoltaique_saint_honore_38.pdf,87.0,
p_2025_17234_a_centrale_agripv_philondenx_40-1.pdf,97.0,1.0
avis_mrae_bfc_2024-4613_pv_darcey-delibere.pdf,110.0,36.26
2022appaca23.pdf,66.7,
190312_apbfc09_parc_photovoltaique_chagny_71.pdf,8.37,
pdl-2020-4658_parcphotovochapelle-aux-choux_72_2020appdl36.pdf,,8.1
2025apguy4_centrale_pv_cocoteraie_iracoubo_vf-1.pdf,10.0,10.0
p_2023_14010_avis_ae_delegation_centrale_solaire_reaup_lisse_47ab.pdf,12.17,13.49
2020apbfc41_pv_champs_des_laves_crotenay_39.pdf,28.0,10.7
2025apo69.pdf,97.94,45.0
20250430_apbfc_001672_pv_recologne_et_rioz_70.pdf,160.0,14.844
2023ap1637_parc_pv_donzere_26_ok.pdf,14.0,4.0
2024apo69.pdf,31.4,16.62
240227_aparaxx_parcpv_treban_03-2.pdf,55.0,40.0
2024apo41.pdf,20.0,17.3
avi_2021apguy3_pv_kourou-pariacabo.pdf,15.6,
8812-8813-avis-commun-pv-haynecourt.pdf,5.9,6.0
2022apara154_centralepv_cerilly_03.pdf,96.0,20.15
p_2024_16810_centrale_pv_mareuil-en-perigord_24_signe_1_.pdf,17.4,14.6
2025apo5.pdf,20.0,7.8
p_2022_13105_avis_ae_delegation_voliere_loubes_bernac_47_mrae_signe.pdf,10.0,
2025apge56.pdf,6.05,
2023apara10_parcpv_injouxgennissiat_01.pdf,2.35,1.55
mrae_avis_cuttoli_corticchiato_pv_vdef.pdf,30.0,19.7
p_2023_13860_pv_sol_14_6_ha_labouheyre_mee_ab_v2-1.pdf,24.3,12.9
p_2023_14520_a_pv_poussignac_47_mee_collegiale_def.pdf,36.78,7.65
2025apo82.pdf,4.0,4.94
11080_avis_tacite_centrale_pv_au_sol_cornille_35_2023apb77.pdf,,
2024apo96.pdf,180.0,104.0
2020apcvl34.pdf,17.0,
2025apo83.pdf,8.0,4.48
p_2023_13611_apna21_avis_ae_formule_centrale_solaire_faux_24_postcollegiale-relumee.pdf,34.8,20.0
p_2023_14604_signe.pdf,3.34,4.2
2024apo97.pdf,30.0,10.44
2021appaca51.pdf,756.0,6.97
p_2024_15775_pvausol_3evoie_ste_gemme_martaillac_47signe.pdf,11.9,8.61
2022appaca3-3.pdf,4550.0,6.5
2025apge43.pdf,58.2,
2025apo40.pdf,58.6,27.2
p_2024-16509-16510_parc_agripv_mant_arboucave_malaussanne_40-64.pdf,27.16,13.8
2019apge107.pdf,12.0,12.0
2024apo54.pdf,9.2,10.0
2023apara38_pv_sol_deneuille_chantelle_03.pdf,165.7,21.54
2024apo40.pdf,21.0,
a_2024-5347_installation-photovoltaique-sol_oissel_delibere.pdf,20.6,10.6
p_2024_16076_avis_centrale_pv_au_sol_lessac_16.pdf,1.64,1.0
2025apo54.pdf,14.3,15.9
8751_centrales_pv_grand_laviers.pdf,19.49,30.46
2024apo68.pdf,14.16,9.94
p_2023_14598_cr_pv_signe.pdf,10.0,3.01
p_2023_14750_pv_sol_5_5_ha_vouneuil-sous-biard_86_signe.pdf,17.8,3.8
2022apbfc12_pv_sol_flottant_etigny_rosoy_89.pdf,66.75,31.0
p_2023_14976_st_gence_et_peyrilhac_signe.pdf,23.4,16.25
2022appaca22.pdf,3747.0,4.45
2023apo19.pdf,6.3,2.5
231010_apara1594_parcpv_avermes_03_delibere.pdf,11.8,13.8
p_2022_13521_pv_chateau-garnier_86_collegiale_.pdf,9.8,4.0
2023apcvl12.pdf,75.9,2.0
2022apo31.pdf,62.0,42.0
180605_2018apbfc33_parc_photovoltaique_lux_21.pdf,8.18,8.6
2022appaca30-1.pdf,3673.0,6.0
2021apo89.pdf,10.6,9.04
8848_8850_avisae_parcphotovoltaique_plaineduclocher.pdf,15.0,8.23
2023apo31.pdf,,
2020apo89.pdf,27.6,13.0
2022apo25.pdf,4.52,4.32
avis_mrae_2021apo57.pdf,8.48,7.52
ap-1653-centralepv-montmarault_saintbonnetde_four_pour_publicationvw-2.pdf,215.0,18.4
231010_apara1591_centralephotovoltaique_commentry_03_delibere.pdf,59.8,14.7
7840_centrale_agrivolt_avrechy.pdf,42.8,17.9
avi_2020apmay6_akuo_hamaha.pdf,3.7,1.19
2020appaca17.pdf,110.7,
avi_2021apguy8_centraleagrivoltaique_hybride_mana.pdf,590.0,60.0
2023apara71_projetagrivotaiqueausol_vallon-ensully03.pdf,31.08,28.0
2024apo113.pdf,5.2,3.27
8831_photovoltaique_bonrepossurblavet_22_2021apb27_signe.pdf,924.0,
2022apara144_centrale__pv-villette-de-vienne_38.pdf,67.5,
p_2019_7704_photovoltaique_st_sornin_leulac_87_mls_signe.pdf,315.0,
ap1865-parcpv_stchristophesurdolaizon_43_publication.pdf,2500.0,2.1
2025apcvl25.pdf,56.61,33.44
8274_avis_centrale_agrivoltaique_monceau_le_neuf_faucouzy_housset.pdf,67.61,1.0
2023apge78.pdf,61.0,50.0
p_2022_12678_a_pv_vivonne_signe.pdf,5.3,
p_2023_13971_pv_beauziac_47_collegiale-1_rv1.pdf,1900.0,58.88
avis_mrae2020apo20.pdf,8.5,
12621_avistacite_projet_pv_sol_rostrenen_22_2025apb100.pdf,,
p_2022_13273_pv_pouille_86_cd_rv.pdf,30.0,5.9
p_2024_15678_3evoie_pvsol_montendre_17.pdf,13.5,11.04
p_2024_16942_avis_cible_centrale_pv_brocas_40_vcg.pdf,137.0,1.0
2022apcvl42.pdf,4.7,1.0
p_2023_14687_avis_3eme-voie_signe.pdf,10.5,1.0
2023apge104.pdf,12.0,
2024appaca42.pdf,3.6,1.0
p_2021_11275_avis__deleg_photov_oradour_16_mee_mrae_signe.pdf,22.0,9.66
a_2659_pa_parc-photovoltaique_delibere.pdf,240.0,17.0
p_2020_9509_a_27mars20_mrae_signe.pdf,60.0,
2022apcvl83.pdf,,
avis_mrae_extension_pv_penta-di-casinca_vdef.pdf,31.85,17.5
8448_courrier_mrae_non_actualisation_ei.pdf,,
200728_apbfc38_pv_cosnesurloire_58.pdf,55.0,30.0
2020appaca7.pdf,90.0,10.0
2023apara74_centralepv-porcieuamblagnieu_38.pdf,2.1,500.0
2024apo139.pdf,50.0,10.2
2023apge52.pdf,1000.0,1.0
2022apo32-2.pdf,17.8,5.0
2023apguy1_parc_photovoltaique_csg_cnes_kourou-vf.pdf,6.9,4.2
201120_apara121_pv_youx.pdf,166.68,15.27
8941_8942_avisae_centralesolaire_crespin.pdf,21.6,4.02
p_2023_14451_grd_brassac_signe.pdf,16.3,17.512
p_2022_12902_pv_coulonges-86_col_signe.pdf,5.5,1.0
2021apcvl66.pdf,13.1,1.0
p_2024_16374_16376_ferme_agrivoltaique_la_levade_richemont_saucats_33_2024_signe-1.pdf,99.0,59.0
200731_apara071_pv_balan_01.pdf,314.2,
2024apge36.pdf,73.4,34.0
p_2022_13126_a_agrivolt_allons_47_mee-rv.pdf,1900.0,85.0
2023apge85.pdf,11.4,16.0
20240910_ap_parc_photovoltaique_sol_val-darc_73_vdeliberee.pdf,7.0,3.9
2023apo27.pdf,20.0,9.9
avis_mrae_2020apo55.pdf,13.2,
2022apo33.pdf,6.52,5.75
p_2019_8861_avis_delegation_photov_treignac_19_signe.pdf,18.0,
ap-1690-centrale_photovoltaique_au_sol_premilhat_03_publication.pdf,39.4,33.8
2023apo33.pdf,6.76,3.8
p_2021_10905_pv_leyritz-moncassin_47_mee_mrae_signe.pdf,19.2,
2022apge142.pdf,12.0,12.48
pdl-2023-7387_centralepv_mareuil-sur-lay-dissais_chateau-guibert_85_2023appdl112-2.pdf,4.1,4.6
2021apge39.pdf,13.0,13.0
210401_apara38_photovolt_besson_03_delibere.pdf,3.61,2.78
mrae_avis_pv_olmiccia_corsica_energia_vdef-2.pdf,25.0,14.8
2022appaca20.pdf,167.0,61.0
1-6-1-12_la_couvertoirade_valorem_avis_valide_mrae.pdf,7.7,5.0
p_2023_13634_a_pv_mouthiers-sur-boeme_16_rv-1.pdf,1655.0,14.4
2018apge6.pdf,3.74,
20210806-pvchapeaumercypublie.pdf,189.0,2200.0
2024apo56.pdf,9.0,5.8
pdl-2024-7663_projet_centralepv_ceransfoulletourte_72_2024appdl42.pdf,3.7,4.9
a_2024-5580_installation-photovoltaique_etrepagny_27_.pdf,300.0,1.0
2025apo42.pdf,12.9,7.2
p_2018_7340_centrale_photovoltaique_surgeres_17_mrae_signe.pdf,4.8,
2022apbfc67_pv_aubaine_21.pdf,18.9,18.6
p_2020_9894_pv_aubusson_avis_signe.pdf,20.31,
2025apo6.pdf,17.2,7.88
2025apcvl80centrale_photovoltaique_controis.pdf,,
2021apbfc52_central_pv_cheny_89.pdf,12.0,
251106_apara1982et1987_n8422et8473_parcpvsol_grezieuxlefromental_precieux_42_delibere.pdf,13849.0,22.1
2025apo81.pdf,50.0,24.5
pdl-2024-7602_centralepv_st-vincent-sterlanges_85_2024appdl36.pdf,7.3,6.56
2025apge69.pdf,23.8,27.44
2024apo81.pdf,14.2,29.1
2025apo94.pdf,88.0,31.2
p_2022_13362_avis_centrale_arue_roquefort_40_mee_signe.pdf,17.0,19.35
p_2024_15461_avis_ae_delegation_centrale_solaire_cours_79signe-1.pdf,45.7,5.2
2024apo94.pdf,21.0,18.9
2025apo7.pdf,8.8,7.0
2022apo103.pdf,8.36,8.51
avis2024apgua1delibere-signe2.pdf,,1.2
2022apo117.pdf,6.75,3.2
2025apge54.pdf,22.0,9.54
7938_parcphotovoltaique_plainehaute_22__publie.pdf,9.6,
2023apara6_parcpv_domerat_03.pdf,39.0,33.8
2023apara106_projet_agrivotaique_sol_serrieresdebriord_01.pdf,6.752,
p_2018_6492_parc_photovoltaique_fontenet_avis__mrae_signe.pdf,27.0,1.0
2025apo43.pdf,5370.0,9.15
p_2023_13635_avis_ae_formule_centrale_solaire_vivonne_86_pl.pdf,8.3,8.5
2022apara66_parcpv-bulhonculhat_63.pdf,95.4,103.0
p_2018_6603_avis_collegiale_centrale_photovoltaique_sainte_aulaye_puymangou_mrae_signe.pdf,4520.0,10.7
20191011_centrale-photovoltaique_coings.pdf,12.1,1.0
2024apbfc4622pvst-gratien-savignymatongeetbeaumontadelibere.pdf,129.8,19.74
p_2019_8084_a_photovoltaique_val-de-livenne_33_jt_signe.pdf,20.0,17.6
6147_avisae_pc_centrae_photovoltaique_wallers.pdf,14.0,9.52
avis_mrae_2021apo83.pdf,180.0,113.0
avis_parcpv_toulonsurallier_03_vfinale.pdf,16.0,13.5
240405_apara1670_parcpv_frugereslesmines_43_delibere.pdf,4.68,2.8
p_2023_14618_avis_3_eme_voie_pv_3_2_ha_castelnau-de-medoc_33_signe.pdf,4.91,2.86
2022apge143.pdf,4.2,5.0
2021apge10.pdf,36.1,7.5
180910_2018apbfc50_parc_solaire_epinac-71.pdf,,
2022apbfc56_centrale_pv_gueugnon_71_def.pdf,5.1,5.445
p_2022_12529_centrale_photov_flottante_bruch_47_mrae_signe_v2.pdf,19.2,7.38
2021apbfc44_central_photovoltaique_colombier_21.pdf,390.0,
2024apge23.pdf,6.1,
p_2023_14614_avis_centrale_photovoltaique_les_peintures_33_meeab-v2.pdf,33.9,1.0
2025apcvl72_parc_pv_villedieu_le_chateau.pdf,,
7899_avis_projet_parc_agrivoltaique_longuenesse.odt.pdf,44.4,13.631
2020ap049.pdf,7.6,3.4
2023apge53.pdf,8.3,
avis_mrae_olmeta-di-tuda_pv_corsica-sole_vdef.pdf,10.0,24.0
2022-appaca28.pdf,6.2,5.0
avis_mrae_tox_pv_corsica-sole_v_def.pdf,7.35,4.7
p_2020_9887_parc_solaire_la_rayonniere_st_maurice_la_clouere_86_signe.pdf,5.96,3.18
p_2023_13885_avis_pv_mansatlacourriere_23_signe.pdf,30.8,7.16
2022-12-08_bretigny_plessis_pate_centrale-photovoltaique_ba217_avis_delibere.pdf,750.0,34.8
2020apc9.pdf,12.0,
p_2024_16219_a_pv_moussac_le_vigeant.pdf,420.0,14.22
p_2022_12689_a_pv_chapelle-baton_86_mee_rv.pdf,2312.0,30.0
pdl-2023-6870_projet_centralepv_connere_72_2023appdl44.pdf,6.6,7.25
2020apge63.pdf,40.0,45.9
2023apo43-2.pdf,12.0,9.0
2025apcvl82_centrale_photovoltaique_mery_es_bois.pdf,,
p_2018-6405_a_jt_signe.pdf,162.2,48.15
2022apcvl45.pdf,24.0,3.0
2023apara20_ap1466_parcpv_lachapelaude.pdf,9.43,11.3
avis_mrae_pv_langeron58delibere.pdf,30.0,13.17
avis_mrae2021apo3.pdf,4.4,4.43
2024-10-08-ap-1753-centralepv_bournonclestpierre-43_vdeliberee.pdf,13.0,12.0
mrae_avis_porto-vecchio_ac_vdef.pdf,12.5,5.0
2024ap4355projetpvavis_fraisansdelibere.pdf,12.88,24.6
p_2024_15523_parc_pv_au_sol_saint-justin_et_vielle-soubiran_40.pdf,34.0,45.0
2019-006776-42112_6776_implantation_d_une_centrale_photovoltaique_a_guiscriff__56_.pdf,18.0,
definitif_-_avis_pv_malbouhans_et_la_neuvelle-les-lure_70_.pdf,21.0,30.0
2024apo114.pdf,11.0,11.5
pdl-2022-6665_projet_centralepv_laferte-bernard_72_2022appdl25.pdf,7.1,7.9
bfc_2024-4538_avis_agripv_etais-sauvin_89-_delibere.pdf,62.8,22.4
ap-1879-parcpv-diou_03__publication.pdf,268.0,44.3
p_2024_no16418_agripv_carresse-cassaber_64.pdf,16.89,1.0
2022-011098_avis_pv_starnac-lasserettes_validemrae.pdf,14.4,13.8
p_2021_10595_avis_ae_delegation_centrale_rancogne_2_signe.pdf,35.0,5.0
20250904-ap-1921-agripv-neuvillelesdames-01vdeliberee.pdf,8.5,8.1
2023apge94.pdf,16.5,12.78
ap-1578_centrale_pv_sol_cnr_vertrieu_38_ok_a_publier.pdf,9.28,5.75
2023apara4_parcpvsolnieudan-15.pdf,17.14,15.85
2023apbfc24_pv_bazarnes_89.pdf,128.0,
20250311-ap-1838-pv-manglieu-63_vym_publication.pdf,14.62,14.25
2020appaca10.pdf,10.26,1.85
003052_a_p.pdf,,
p_2018_7483_a_del_cent_photo_aubusson_23_mls_signe.pdf,5.27,2.0
8640_avis_parc_agrivolt_eragny_sur_epte-2.pdf,26.0,8.0
2022apo36.pdf,10.0,12.2
2023apbfc57__pv_flottant_dpmec_hery_89.pdf,9.1,2.6
2023apo36.pdf,6.17,4.23
2025apge32-1.pdf,5.7,
2022appaca19.pdf,35.0,
p_2024_16026_pv_naintre_86.pdf,11.7,14.2
2023appaca23-2.pdf,40.0,10.0
p_2022_13061_centrale_photovoltaique_got_thie_dirac_16_mrae_signe.pdf,30.68,31.0
2024apo6.pdf,12.0,4.33
p_2024_15794_avispvcible.pdf,24.3,16.9
8224_8225_8226_avis_centrale_photovauby-3.pdf,31.0,
2025apo47.pdf,,9.5
pdl-2022-6117_centralepvangers_49_2022appdl42.pdf,6.2,
p_2022_12483_a_centrale_agrivoltaique_77ha_allons_signe.pdf,1063.0,260.0
p_2021_10624_avis_pv_st_etienne_de_fougeres_47_signe.pdf,250.0,
2024apo47.pdf,8.5,6.7
5776_avis_ae_ferme_photovoltaique_fritz_james.pdf,,
2022apge34.pdf,9.4,
p_2022_13123_cr_landes_17-mrae_signe_v2.pdf,2.3,
p_2020_10119-10120_apna105_centrale_poitiers_biard_86_mee_signe-1.pdf,17.8,20.98
p_2021_10788_pv_le_fouilloux2_17_signe.pdf,50.0,12.0
2025apo84.pdf,46.0,15.8
a_2021_3989_centrale_photovoltaique_delibere.pdf,27.2,14.7
2024apo90.pdf,13.3,15.7
2021apara130_centrale_pv_brioude_beaumont_43.pdf,26.0,12.0
p_2020_10014_avisae_delegation_centrale_neuvic-entier_87_signe.pdf,5.0,
2025apo90.pdf,7.76,5.6
2022apo113.pdf,3.1,3.4
20250930_ap_1937_centralepv_toulonsurallier_delibere.pdf,43.35,31.3
2022apo107.pdf,26.7,23.4
p_2021_11728_a_pv_cavignac_33_mrae_signe-1.pdf,5665.0,5.361
2025apge44.pdf,20.0,
2022apo106.pdf,3.9,2.2
251028_apara1949_parcpv_poncin_01_delibere.pdf,3.95,4.05
p_2021_11716_avis__mrae_signe.pdf,3417.0,
2025apge51.pdf,90.0,
2024apo85.pdf,4.3,4.3
p_2021_11432_avis_parcpv_saintrogatien_17-f-1_mrae_signe.pdf,2.0,2.1
p_2024_15578_avis_agripv_puyrolland_17.pdf,10.5,7.97
p_2018_6737_delegation_centrale_photovoltaique_st_quentin_du_dropt_47_jt_signe.pdf,280000.0,
2025apo91.pdf,1.15,
2025apo85.pdf,3.9,3.7
2024apo91.pdf,4.6,3.6
200211_apbfc07_central_photovolt_moneteau_89.pdf,23.5,500.0
2022apge21.pdf,5.1,30.0
2024-ap-1671-parc_pv-toulonsurallier-03vfinale.pdf,280.0,17.6
pdl-2021-5242_pccentralepv__noyantvillages_49_2021appdl32.pdf,12.93,6.0
240906_aparaxx_parcpveoliennes_treban_03_vf.pdf,55.0,40.0
2024apo46.pdf,10.0,2.5
20240226-au1378-ap1669-dpmecdu-centralepv-orleat-63_vfinale.pdf,73.0,17.68
210727_apbfc28_pv_champlitte_70.pdf,35.5,17.6
2025apo46.pdf,7.72,7.88
2024apo52.pdf,,
8165_avis_creation_centrale_solaire_bazoches.pdf,23.8,11.8
2023apara60_centrale_pv_saint_paul_de_tartas_43.pdf,2.67,2.9
8224_8225_8226_avis_centrale_photovauby-2.pdf,31.0,
2022-010266-avis-mrae_pv_garrigues-st-eulalie_vmrae.pdf,7.2,6.8
2018apge74.pdf,15.0,
2022appaca30.pdf,,
12620_avistacite_projet_pv_sol_loguivyplougras_22_2025apb99.pdf,,
2024apo7.pdf,25.4,17.4
p_2023_14191_avis_centrale_photovoltaique_sauze_vaussais_79.pdf,7.0,5.1
p_2019_7520_ae_pv_escaudes-avis_jt_signe.pdf,1900.0,53.0
pdl-2021-5294centralepvla_grouas__72_signe.pdf,8.6,4.2
p_2023_14103_avis_ae_formule_centrale_solaire_masseret_19_signe.pdf,4.6,4.8
p_2019_7831_photovoltaique_labrede_33_mrae.pdf,11.5,17.0
4659_info_tacite_parc_photo_leforest.pdf,,
240216_aparaxx_parcpv_montjoyer_26.pdf,15.0,7.6
2022apo23.pdf,38.8,16.0
2022apbfc38_pv_lesme_71.pdf,35.0,28.5
10406_avistacite_centralepvausol_cessonsevigne_35_2023apb20_mentionsigne.pdf,,
p_2023_14887_agripv_orist_40_signe.pdf,400.0,12.8
pdl-2022-6663_projet_centralepv_vion_72_2023appdl24.pdf,2.0,
8641_avis_parc_agrivolt_trie_chateau.pdf,29.0,8.0
11344_avis_projetagrivoltaique_dinge_35_2024apb34.pdf,20.0,12.2
190826_apbfc43_photovoltaique_montceau-les-mines-71_tacite.pdf,,
2021apcvl8.pdf,15.3,1.0
7841_avis_sans_obs_centrale_photo_versigny_rosieres.pdf,50.78,
a_3075_2019_aae_projet-parc-photovoltaique_clecy_delibere.pdf,6.6,5.6
2022apbfc29_centralepv_courchaton_70.pdf,9.18,3.775
p_2023_15041_pv_aslonnes_avis-1.pdf,4.4,1.0
2023apge81.pdf,7.64,1.0
12637-38-39_avis_pv_noeblanche_35_signe.pdf,15.8,15.0
2022apara17_projet_photovoltaique_charroux_03.pdf,13.3,13.46
2023apge95.pdf,37.75,1.0
ap1678-parcpv_loriolsurdrome_26_pour_publication.pdf,19.5,2.9
a_2022-4630_centrale_photovoltaique_sol_saint-marcel_delibere.pdf,7.13,
2024apo129.pdf,,
2020appaca3.pdf,327.0,11.6
avis_mrae_2021ao78.pdf,7.82,4.4
2024_apbfc_4329pvloulle_mont-sur-monnet_39_delibere.pdf,51.4905,900.0
a_2024-5215_installation-photovolt_conde-en-normandie_delegue.pdf,8.0,1.0
p_2020_10118_a_parc-photovoltaique_saugnacq-et-muret_40_mrae_signe.pdf,500.0,68.86
2023apge116.pdf,20.86,
mrae_avis_pv_renno_-_vdef.pdf,25.0,12.0
20200127_varennes_changy_pv_decision.pdf,16.0,
2024-09-18_saint-germain-laval_77_centrale_photovoltaique_avis_delibere-2.pdf,5.2,4.56
2020apge76.pdf,22.0,7.0
2022apcvl50.pdf,,
p_2020_10172_apna110_lue_40_mrae_signe.pdf,500.0,27.8
2022apcvl46.pdf,11.6,2.0
2020apge60.pdf,100.0,
p_2024_16811_parc_agrivoltaique_mareuil_en_perigord_24_signe.pdf,3500.0,1.0
2022apbfc36_pv_sol_flottant_gueugnon_rigny_arroux_71.pdf,61.0,32.0
2022apcvl52.pdf,33.6,2.0
2023apge114.pdf,15.0,
20250822-ap-1912-centralepv-espeluche-26vdeliberee-2.pdf,31.4,10.2
2024appaca44.pdf,425.0,1.0
p_2019_9270_a_solaire-bessines-sur-gartempes_87_signe.pdf,140.0,18.3
p_2023_15123_avis_ae_centrale_photovoltaique_ginestet_24signe.pdf,7.1,8.1
2019apge15.pdf,8.7,
240703_avis_pv_carisey_89.pdf,47.9,
2022apbfc44_pv_brognon_21.pdf,5.77,3.159
2023apge40.pdf,127.0,65.0
p_2023_13809_pv-valence-en-poitou_86_signe.pdf,2.9,3.24
2024apo117.pdf,18.0,8.5
p_2018_7418_saint-magne_a_jt_mrae_signe.pdf,38.0,29.0
2023apbfc44_pv_sainte_colombe_21.pdf,21.16,
2023apge68.pdf,12.23,1.0
2021apara146_parcpvurba255_balan_01.pdf,2000.0,3.93
p_2021_10611_avis_parcpv_au_temple-sur-lot_47_jt_mrae_v2_signe.pdf,6.1,3.97
p_2023_14167_fb_a_3eme_voie_centrale_agrovoltaique_8_77ha_puch_d_agenais_47_signe.pdf,12.98,8.62
mrae_avis_lucciana_ac_vdef.pdf,15.9,
2020appaca13.pdf,77.0,4.5
2023apara80_pv_monteleger_26.pdf,654.0,7.46
p_2023_14968_savignac_24_avis.pdf,90.0,12.187
p_2021_10782_avis_ae_delegation_centrale_durance_flottante33_signe.pdf,28.6,
p_2023_14017_3voie_pv_boe_47_signe-2.pdf,5.4,3.78
p_2021_10901_avis_ae_delegation_centrale_saint_jean_illac_33_signe-1.pdf,89.45,33.26
2021apge17.pdf,10.0,5.0
2023apo21.pdf,4.3,4.1
projetavis2023apgua6reluav-valide.pdf,8.97,8.5
p_2023_14422_collegiale_20230906_vpost_collegiale-1.pdf,3.67,1.97
2021apo72.pdf,7.9,6.0
2020apo66.pdf,27.0,15.0
2024apo5.pdf,4.5,3.4
2025apo50.pdf,29.8,9.99
2024apo44.pdf,34.0,20.0
p_2020_10065_avis_pv_jau-dignac-et-loirac_signe.pdf,5.7,
7943_let_info_tacite_centrale_pv_annois_cugny.pdf,,
p_2019_7577_avis_ae_delegation_centrale_moncrabeau_47_signe.pdf,15.5,10.34
2024apo50.pdf,9.6,6.5
p_2023_14044_centrale_pv_laroche_avis_signe-1.pdf,7.5,8.07
2025apo44.pdf,9.1,25.0
p_2021_10601_parc_photovoltaique_pouille_86_signe.pdf,30.0,
p_2023_n14880_avis_ae_pv_au_sol_escaudes_33_2023-12-14_10-20-29_3.pdf,1900.0,1.0
p_2021_10621_pv_montpon-menesterol_24__mrae_signe.pdf,10.7,
190402_apbfc12_parc_photovolt_tonnere-89_tacite.pdf,,
2025apo93.pdf,5.0,5.0
230918appvquincy_le_vicomtedelibere-1-2.pdf,16.53,11.66
2020apbfc33_parc_solaire_langeron_58-2.pdf,17.0,500.0
p_2023_14757_3eme_voie_agripv_meilhan-sur-garonne_avis_signe.pdf,86.27,5.0
2021appaca55.pdf,14.0,6.0
2024apo93.pdf,3.0,
2025apo87.pdf,7.2,7.9
2022apara5_projet_photovoltaique_saintvictor_03.pdf,12.63,7.46
2025apge47.pdf,139.7,
p_2024_16948_centrale_agrivoltaique_lupchat_89_29012024.pdf,493.0,33.13
2025apge53.pdf,3.6,2.0
2025apge46.pdf,30.6,
2025apo86.pdf,3.52,
2025apo92.pdf,8.74,9.5
p_2019_7413_avis_ae_delegation_centrale_audenge_33_signe.pdf,40.0,
p_2025_17460_centrale_pv_soumans_23signe.pdf,53.2,15.68
2024apo86.pdf,4.5,4.5
2022apo139.pdf,1.2,1.0
190426_apbfc22_parc_solaire_la_charite_sur_loire58-tacite.pdf,,
2022apge36.pdf,5.5,8.17
2025apo79.pdf,3.43,3.2
2018apcvl44.pdf,8.8,
210322_abfc9_pv_champs_de_la_cour_fontaine_89.pdf,35.0,600.0
2024apo51.pdf,5.0,2.13
p_2023_15155_avis_ae_formule_centrale_photovoltaique_nicole_47.pdf,5.47,3.5
mrae_avis_morosaglia_ac_vdef.pdf,2.15,2.0
2022appaca27.pdf,46.0,
p_2024_16071_cible_pv_soussans_33_avis.pdf,4.0,1.0
2021apo73.pdf,10.7,3.81
p_2021_10651_avisae_collegial_centralemezos_mrae_signe.pdf,216.0,97.87
2022apo34.pdf,14.0,
2021apge16.pdf,9.5,
2023-ara-ap-1609-centralepv-nervieux-42vfinale-2.pdf,17.8,10.5
a_2025_5906_installation_photovoltaique_st_vigo_dymonville_delegue.pdf,6.31,
p_2023_15122_avis_ae_delegation_centrale_solaire_paussac_24_1_.pdf,4.0,4.8
2022apge151.pdf,19.58,
pdl-2022-6642_projet_centralepv_rivesduloirenanjou_49_2023appdl18.pdf,6.37,
p_2025_17162_17163_avis_ae_delegation_centrale_saint_sever_40vf.pdf,11.0,7.6
2023apge96.pdf,7.43,8.0
projet_photovoltaique_au_sol_du_puits_de_la_loge_-_commune_d_annay-sur-serein_89_-_20250314apbfc000785-89.pdf,29.1,0.8
180531_2018apbfc27_parc_photovolt_st_yan1-1_tacite.pdf,,
p_2020_10429_a_parc-photovoltaique_tombeboeuf_47_signe.pdf,1185.0,8.64
20250408-ap-1852-1857-defrichement-centralepv-orleat-63_publication.pdf,19.0,7.94
p_2023_14476_a_centrale_pv_thouars_79_mrae.pdf,4.9,4.4
2024apo102.pdf,35.0,16.6
2023apge41.pdf,78527.0,1.0
250218_apara1805_parcpv_villebret_03_delibere-2.pdf,36.7,9.4
avis_mrae2020apo19.pdf,2.8,1.6
p_2025_17257_avis_cible_pv_coulbre_chauvigny_86_.pdf,7.9,1.0
2022apcvl84.pdf,30.0,31.0
avis_mrae_2022apo91-2.pdf,,
p_2024_16785_avis_ae_delegation_centrale_solaire_monfaucon_24.pdf,22.33,9.6
2024appaca45.pdf,47000.0,24.3
10099_avis_parcphotovoltaique_vernsurseiche_35_2022apb61_mentionsigne.pdf,7.75,1.0
avis_mrae_2023appaca7_3329_3330_et_apaca8_3351_-_parc_pv_et_revisionno1_du_plu_liee_a_ce_projet_-_varages_83_-bayol_--1.pdf,150.0,22.0
2023apge115.pdf,12.21,10.4
2023apara35_defrichementparcpv_coucouron_07.pdf,27.0,10.25
a_2025-5737-installation-photovoltaique-sol_cornebugle_delegue.pdf,7.45,2.43
2025apcvl93_centrale_photovoltaique_a_noyers_et_la_cour_marigny_45_.pdf,,
p_2024_16705_pv_st_sauvant_86_vf.pdf,109.0,33.7
a_2022-4632__centrale-photovoltaique_saint-andre_delibere.pdf,12.2,12.2
2019apge98.pdf,11.54,10.7
p_2019_9266_a_collegial_signe.pdf,10.6,
8636_photovoltaique_ladominelais_35_2021apb14_signe.pdf,6.0,
p_2019_9134_ae_pv_garlin_et_miramont-sensacq_mrae_signe.pdf,8.7,
pdl_2023_7122_7192_centralepv_segrie_72_2023apdl35_2023appdl81_signe.pdf,34.9,5.0
2022apcvl34.pdf,16.0,2.0
avi_2022_apmar3_pc_centralephotovoltai_que_francois.pdf,6.0,1.7
2023appaca12.pdf,25.5,1.0
p_2024_16667_centrale_pv_genetouze_17_2024-12-06_08-54-11_147.pdf,200.0,43.0
2022apbfc42_pv_givry_71.pdf,2603.0,3.2
012496_avistacite_centralepvausol_orgeres_35_2025apb83.pdf,2.0,
p_2019_8409_avis_ae_delegation_villognon_16_mls_signe.pdf,25.0,23.9
avis_tacite_mrae_2021apo94.pdf,,
12190_avistacite_centralepvausol_plelo_22_2025apb40.pdf,,
avis_mrae_bfc-2024-4416_pv_cressia_2024-delibere.pdf,6.4,
p_2024_15603_avis_agripv_stroamin-et-romagne_86.pdf,23.61,18.08
2023apara68_parc_agrisolairelaforge_saint-voir_03.pdf,52.0,11.43
2025apcvl47.pdf,,
2024apge129.pdf,29.0,
2024apge81.pdf,15.8,
2021apge2.pdf,127.0,
2024apge95.pdf,7.1,
2025apcvl53.pdf,,
8781_avis_pv_agrivoltaique_villersagronaiguizy.pdf,1100.0,52.3
2021apcvl12.pdf,8.75,1.0
2023apo129.pdf,21.0,22.0
p_2021_11372_centrale_st_leger_de_balson_mrae_signe.pdf,26.4,
3558_pa_centrale_photovoltaique_vire_delibere.pdf,5.3,3.6
2025apcvl84.pdf,,
2020appaca49.pdf,33.0,7.0
p_2022_13121_a_photovoltaique_13ha_saint-aubin_mee_signe.pdf,19.0,14.3
241022_aparaxxx_parcpv_serpaize_38_delibere.pdf,7.0,8.1
2023-ara-ap-1638_montilly_etang_guichard_vf.pdf,10.93,11.0
2022apo47.pdf,25.0,17.0
2023apcvl64.pdf,15.0,5.0
pdl-2022-6373_centralephotovoltaiquenoyantvillage_49_2022appdl73.pdf,11.25,10.8
2023apo47.pdf,9.1,7.7
a_2022-4631_centrale_photovoltaique_malleville-sur-le-bec_delibere.pdf,6.62,1.0
2022apo53.pdf,,
2021apge65.pdf,40.4,
2022apge122.pdf,4.8,
2021apge59.pdf,80.0,30.0
p_2018_6662_parc_photovolt_st_bricesurvienne_mrae_signe.pdf,7.2,
p_2018_6995_a_v2_mls_signe.pdf,4.9,
2022appaca40.pdf,6.6,4.87
p_2025_17232_avis_agripv_monsegur_40_signe.pdf,56.5,1.0
p_2018_7584_centrale_photovoltaique_letemplesurlot_47_signe.pdf,65.0,
12632_projet_parcav_lesmesnils_stseglin_35_2025apb98.pdf,23.85,14.3
avismraeno2025apgua8_delibere.pdf,11.25,12.0
p_2024_16871-16872_a_parc_pv_modifie_mignaloux-beauvoir_86.pdf,26.22,20.9
definitif-avis_cible-pv_uxeau-71.pdf,36.15,21.87
p_2021_11030_a_parc-photovoltaique_lesperon_40_signe.pdf,115.0,30.0
p_2019_8917_a_photov_cere_40_mls_signe.pdf,89.8,44.6
2022apge45.pdf,5.8,6.2
2024appaca43-2.pdf,10000.0,
2025apo106.pdf,56.0,21.9
20250401_apara1837_parcpv_combronde_teilhede_63_delibere.pdf,43.0,16.3
2025apcvl89_parc_photovoltaique_au_lieu-dit_le_grand_ormeau_a_sublaines_37_.pdf,,
p_2019_9234_a_solaire-rouillac_16_signe.pdf,27.35,
2025apo36.pdf,4.7,3.0
p_2023_13641_avis_ae_formule_centrale_solaire_villeneuve_17_signe.pdf,3.5,2.33
2024apo22.pdf,4.98,2.8
2024apo36.pdf,5.0,4.29
12164_avis_projet_pv_sol_quedillac_35_2025apb34.pdf,23.0,16.5
2025apo22.pdf,8.1,5.44
2022apge86.pdf,4.3,
2021-009487_defrichement_pv_prevencheres_et_pieddeborne-avismrae.pdf,122.0,129.0
2023apbfc65_projets_agrivoltaiques_hauts_plateaux_89.pdf,78800.0,156.6
2025apge35.pdf,100.0,13.59
p_2019_8224_ae_pv_isle_87_mrae_signe.pdf,38.8,
2019-006821-42483_6821_implantation_d_une_centrale_photovoltaique_a_ruca__22_.pdf,,
2021appaca33.pdf,44.0,22.2
p_2021_11930_avis_parcpv_au_sol_et_flottant_la_chapelle_baton_86_signe.pdf,3.5,2.1
p_2019_7784_avis_ae_delegation_centrale_bergerac_24_signe.pdf,16.0,
p_2021_10428_avis_ae_delegation_centrale_montauriol_47_signe.pdf,148.0,19.5
2025apge72-1.pdf,12.45,19.8
2020apcvl57.pdf,104.0,1.0
2020apcvl43.pdf,,
2021appaca32.pdf,13.55,
p_2024_15519_avis_ae_delegation_centrale_lussac_86-rv.pdf,41.5,20.7
20250509_apbfc_000615_agripv_mottestjean_71.pdf,23.4,
15659_avis_ae_delegation_parc_photovoltaique_boivre_86signe.pdf,33.1,630.0
2022apge87.pdf,8.0,
2024apo37.pdf,3.2,3.1
2025apo23.pdf,5.9,3.0
2025apo37.pdf,5.74,5.595
2024apo23.pdf,23.0,4.26
p_2024_16027_centrale_pv_cazalis_33.pdf,216.0,44.86
p_2020_10029_avis_ae_delegation_centrale_thuilieres__mrae_signe.pdf,18.7,14.74
a_2023-5102_agrivoltaique_mezidon-vallee-d-auge_delibere.pdf,29.0,20.81
2022apbfc39_parc_pv_menestreau_58.pdf,11.5,19.6
2025apo107.pdf,21.8,14.8
2021apo15.pdf,154.5,15.0
p_2024_16901_avis_pv_aillas_33_.pdf,4.02,1.0
11635_avistacite_projet_fermeav_plonevezdufaou_29_2024apb68.pdf,,
p_2024_17016_avis_pv_asnieres-sur-blour_86_.pdf,19.1,1.0
9105_avis_parc_photovoltaique_lachelle.pdf,8.3,8.0
avis_mrae_pv_colombier-fontaine_-_delibere_-_04_03_2024.pdf,3.7,3.54
2022apge123.pdf,34.8,
8851_centrale__photvolt_fontenoy.pdf,32.8,1.0
240614_parc_photovoltaique_flottant_lecheylas_saintemariedalloix_38_vym_vf.pdf,220.0,300.0
10215_avis_tacite_centrale_pv_au_sol_plumelin_56_2022apb67_mentionsigne.pdf,,
190606_mrae_avis_delibere_sur_projet_parc_photovoltaique_a_grandpuits_77_.pdf,,30.0
2021apge64.pdf,13.6,
2023apcvl71.pdf,16.6,1.0
2023apcvl65.pdf,21.7,1.0
251127_apara1960_cp_parcpvalmasa_styorre_03_delibere-2.pdf,3.3,3.8
avis_2023apgua4.pdf,5.0,
p_2022_13195_a_pv_guitinieres_rv.pdf,5.0,
210216_aparaxx_parcpv_grignan_26-vfinale.pdf,523.0,8.8
2021abbfc49_parc_photovoltaique_selongey_21.pdf,29.21,34.5
p_2019_9171_avis_ae_centrale_mouthiers_16_signe.pdf,16.0,
2023apo114.pdf,,
pdl-2023-7152_7153_et_7154_avisprojet_pv_magnilsreigniers_85_2023appdl79.pdf,42.0,25.0
2023apo100.pdf,8.9,1.0
p_2025_17399_aviscibleagripv_perquie40vf.pdf,17.37,9.9
p_2022_13036_avis_ae_delegation_centrale_oradour_87_signe.pdf,72.5,29.7
2020appaca60.pdf,9.7,4.3
2023apge33.pdf,14.9,1.0
2025apcvl52.pdf,,
p_2024_16846_avis_ae_collegial_centrale_agrivoltaique_saint_bonnet_87.pdf,68.16,34.0
2025apcvl46.pdf,,
12292_avistacite_amenagement_projetpv_hippodrome_questembert_35_20252025apb61.pdf,,
p_2022_13266_parcpv_terega_lussagnet_40_mee_signe.pdf,8.1,
avi_2020apgua3_centrale_marie_galante.pdf,16.08,4.9
avis_tacite_mrae_2021apo95.pdf,,
p_2021_10961_pv_saint-vallier_signe-1.pdf,22330.0,
prov1_avis_pv_gommeville_21_2_.pdf,30.5,11.38
p_2023_13610_avis_pv_bassillacauberoche_24_mee_rv.pdf,29.3,12.0
2022apara60_parcpv-saintdidierlaforet-03.pdf,44.2,33.3
221017_apara134_pvsol_saintsantincatales_15.pdf,5.1,3.23
20250708-ara-ap-1894_chalamont_01_delibere.pdf,11.7,6.16
2024appaca23.pdf,6540.0,12.0
p_2020_10247_avis_ae_delegation_centrale_labouheyre_33_signe.pdf,20.0,12.7
2024appaca37.pdf,400.0,
2020apge39.pdf,22.4,30.0
2019apge81-2.pdf,22.9,17.0
2023-ara-ap-1604_vf.pdf,25.0,7.0
a_2023_4843_install_photovoltaique_sol_notredamebliquetuit_delegue.pdf,5.3,3.3
9572_avis_pv_lasbordes_mrae_2021apo74.pdf,12.15,12.0
9841_avis_parc_photovoltaique_landivisiauguiclan_29_2022apb29_signe.pdf,,4.4
a_2023_4959_installation_photovoltaique_les_bouleaux_nd-de-b_delibere.pdf,15.9,11.05
bfc-2024-4550-avis_pv_rigny_sur_arroux_71.pdf,53.16,
11220_avistacite_centralepv_au_sol_gourhel_56_2024apb13.pdf,,
p_2022_12860_pv_avis_mrae_signe.pdf,8.2,
2018-006090-34345_6090__centrale_photovoltaique_edf__fouesnant-pleuven__29_.pdf,,
p_2024_16307_avis_cible_centrale_agripv_persac_86.pdf,15.34,8.8
2021apara98_parcpv_montagny_69_avis_definif.pdf,11.0,3.4
p_2025_17105_pv_cible_avis_millac_86_signe.pdf,134.0,1.0
2020apge1.pdf,3.6,4.0
2025apcvl50.pdf,10.0,2.0
2023apge31.pdf,8.9,
p-2025-17379_a_centrale_pvcompatible_landrais_17.pdf,74.5,1.0
2021apcvl11.pdf,8.31,2.0
2024apge69.pdf,16.7,
a_2023-4818_photovoltaique_aeroport_deauville_st-gatien-des-bois_adopte.pdf,8000.0,
231121_aparaxxx_parcpv_batie-rolland_26.pdf,10.25,5.5
190402_apbfc13_parc_photovolt_pusey-70_tacite.pdf,,
8307_avis_centrale_pv_waziers.pdf,7.2,10.41
p_2023_15033_parc_photovoltaique_magescq_40signe.pdf,37.26,1.0
p_2022_13418_parc_photovoltaiquelacq_2023_01_11.pdf,15.0,1.0
p_2022_13119_avis_ae_delegation_centrale_pompogne_47abv2signe.pdf,1900.0,38.18
2024-03-27_verneuil-sur-seine_projet_parc_photovoltaique__avis_delibere.pdf,5.8,5.0
2021apge66.pdf,18.85,15.31
p_2021_11018_pv_poitiers_86_signe.pdf,11.0,4.9
avis_centralephotovoltaique_douchy_les_mines.pdf,93.0,62.0
2023apo50.pdf,7.4,7.0
2021apge72.pdf,1.1,
7990_avis_projet_parc_photovoltaiqu__plainville.pdf,9.5,1.0
2022acvl33-3.pdf,36.6,30.0
2022apge121.pdf,76.1,44.8
2022apge135.pdf,18.0,6.52
2022apo78.pdf,15.7,15.8
p_2023_14888_avis_3eme_voie.pdf,6.18,6.0
p_2022_13151_a_pv_grignols_33_2-mrae_signe.pdf,45.0,33.0
p_2024_16786_cible_centrale_pv_lamothe-montravel_24.pdf,6.28,1.88
2023apo87.pdf,20.0,21.4
2023apbfc12_pv_saint_prive_89.pdf,40.0,28.2
8273_avis_pv_agrivolt_chepy_chartreuve.pdf,53.0,33.0
8076_avis_parc_agrivoltaique_goussancourt.pdf,35.3,1.0
2021apge99.pdf,15.0,30.0
7084_7085_avis_centrale_pitgam_steene.odt.pdf,14.7,1.0
mrae_avis_bonifacio_pv_vdef.pdf,48.6,22.7
p_2024_15792_pv_clairac.pdf,2.84,3.23
2022apge52.pdf,11.7,
p_2024_15483_avis_pv_3eme_v_capdrot__24_.pdf,16.5,11.9
2025apo111.pdf,41.0,5.85
7701_avis_photovoltaique_pc_warhem.pdf,11.1,1.0
pdl-2023-7147-7148_projet_centralepv_champfleury_spay_72_2023appdl76.pdf,10.7,5.39
p_2023_15084_a_crv1.pdf,18.0,6.3
2025apo21.pdf,10.66,3.3
p_2021_10672_pv_clerac_17_mrae_signe.pdf,20.4,
2025apcvl86_construction_d_un_parc_pv_a_genille_37_.pdf,,
2023apo8.pdf,3.1,2.5
9932_avis_tacite_centrale_pv_grandchamp_56_2022apb41_mentionsigne.pdf,,
2025apo35.pdf,15.25,10.44
2020apcvl69.pdf,,
250428_apara1869_actualisationeiparcpv_stpriest_69_delibere.pdf,2.3,2.7
7559_avis_centrale_photov_leforet.pdf,4.0,18.75
2025apge22.pdf,54.92,43.04
2022apge85.pdf,24.32,1.0
2023apbfc33_centrale_pv_aigremont_89.pdf,81.0,36.5
2020apcvl55.pdf,,
10662_avis_tacite_constructioncentralepv_trelivan_22_2023apb39_mentionsigne.pdf,,
p_2024_n16159_avis_ae_delegation_pv_au_sol_bias40-1.pdf,216.0,1.0
a_2023-4846_installation-photovoltaique-sol_glos_delibere.pdf,15.0,4.4
2021apbfc37_pv_clamecy_surgy_58.pdf,20.25,16.34
2023-09-13_boissise_la_bertrand_parc_photovoltaique_avis_delibere.pdf,32.0,11.8
2020apcvl40.pdf,14.5,
2020apcvl54.pdf,,
ap-1654-parcpv-saintgerandde_vaux-03publie-2.pdf,64.0,33.79
2025apge23.pdf,17.0,
2025apge37.pdf,76.2,
2020apcvl68.pdf,11.5,5.0
251028_apara1951_parcpv_mionnay_01_delibere.pdf,3.02,4.27
2021appaca19.pdf,110.0,
2024apo20.pdf,4.5,4.0
2023apo9.pdf,6.2,
2022-010574_prepa_avis_pv_castelnau_vmrae.pdf,4.2,4.1
2025apo34.pdf,30.0,15.37
2025apo20.pdf,8.8,8.8
p_2022_13122_a_pv_staubin-savignac-sur-leyze_47_mrae_signe-2.pdf,5.13,
002414_a_p.pdf,,
p_2024_15375_avis_delegation_pv_fargues-sur-ourbise_47.pdf,1900.0,6.7
p_2023_15162_avis.pdf,3.54,4.5
laserpent-pv-neoen_avismrae.pdf,18.8,19.5
8400-avis-centrale-leuilly-sous-coucy.pdf,7.26,1.0
181120_2018apbfc62b_photovoltaique_fragne-la_loyere_71.pdf,5.16,
2022apara20_parcpv_vallon_en_sully_03.pdf,30.0,4.8
11485_avistacite_constructioncentralepvausol_n_cessonsevigne_35_2024apb49.pdf,,
a_2021_4057_photovol_esquay_delibere.pdf,22.6,6.639
2025apo110.pdf,,
p_2020_10080_a_parc-photovoltaique_pranzac_16_mee_signe.pdf,7.1,5.0
006697avis-centrale-solairephotovoltaique-onnaing-rombies-marchipon.pdf,45.0,12.86
8621_avis_mec__ei_centrale_solaire_auby-2.pdf,40.0,75.2
2019apcvl78_centrale-photovoltaique_gievres.pdf,11.0,
2023apo92.pdf,8.286,4.06
2023apbfc29_pv_joux_la_ville_89.pdf,4379.0,87.5
2022appaca7.pdf,4.8,4.0
2022apge134.pdf,,2.71
2022apo79.pdf,7.0,4.8
2024-4281_v_varennes_89_delibere.pdf,106.0,107.5
6570_avis_centrale_solaire_la_calotterie.odt.pdf,10.3,1.0
avi_2019apguy9_extension_centrale_photovoltaique_sinnamary.pdf,150.0,
2023apbfc56_pv_etalante_21.pdf,129.3,
2021apge73.pdf,5.2,
2022ao55-10345_pv_montreal_redensolar-vmrae.pdf,7.9,4.99
p_2017_5868_avisae_photovoltaique-flottant_stmauricelaclouere_86_jt_mls_mrae_signe.pdf,5.6,
2022apbfc22_pv_merry_sur_yonne_89.pdf,18.31,
2023apo117.pdf,22.25,14.0
p_2023_13580_avis_ae_delegation_centrale_solaire_la_clotte_17_signe.pdf,250.0,5.88
p_2025-17383_centrale_agrivoltaique_st_martin_de_coux_17__signe.pdf,27.0,1.0
a_2021_3924_photovoltaique_fontenay_delibere.pdf,9.7,
2021apcvl10.pdf,7.8,1.0
2025apcvl45.pdf,9.6,1.0
2025apcvl51.pdf,129.0,3.0
p_2021_11283_a_signe.pdf,110.0,
p_2018_6258_a_fs2_mls_signe.pdf,20.0,4.24
2023apge30.pdf,6.3,
2024apge97.pdf,159.0,
2023apge18.pdf,5.5,5.0
2025-04-27_etampes_91__centrale_photovoltaique_delibere.pdf,44.0,1.0
2024apge103.pdf,19.6,
2022apbfc65_centralepv_avril_sur_loire_58.pdf,45.0,47.0
190415_apbfc19_photovoltaique_courlaoux-39_tacite.pdf,,
2019apge59.pdf,32.7,14.7
10840_avistacite_projet_pv_hautesgayeulles_rennes_35_2023apb61_mentionsigne.pdf,,
pdl-2022-5887_centralephotovoltaique_yvreleveque_72_2022appdl19.pdf,35.0,
20251209_apara1976_n7350_parcpv_taponas_69_delibere.pdf,11.0,14.0
2022apcvl22.pdf,50.0,1.0
2025apcvl2.pdf,250.0,1.0
absence_observation_aramont3_mrae2021apo1.pdf,,
pdl-2022-6643_projet_centralepv_beaupreauenmauges_49_2023appdl17.pdf,30.0,6.97
2022apbfc41_pv_selongey_21.pdf,4.61,1.8
11901_avistacite_centralepvausol_plouguernevel_22_2025apb2.pdf,,
a_2023-4980_photovoltaique_sol_evreux_delibere.pdf,2.3,1.7
pv-vins2-avismrae-1.pdf,121.0,31.24
2022apcvl26.pdf,10.0,1.0
p_2023_14079_avis_ygos-saint-saturnin_40_mee_rv.pdf,76.0,12.66
a_2025_5881_installation_agrivoltaique_isigny_delegue.pdf,19.4,
2020-8499_projet-avis_pv_stpapoul_engiepv_vdeliberee.pdf,16.07,13.88
2024appaca24.pdf,20.5,23.2
p_2021_11097_a_parc-photovoltaique_abzac-33_mrae_signe.pdf,68.0,
2022apbfc35_centralepv_champvert_58.pdf,4612.0,140.0
2019apge49.pdf,67.0,17.0
2020apo95_avis_mrae_treilles.pdf,5.3,2.4
pdl-2021-5798_centralepv_valeco_stjeandesechelles_2022appdl8.pdf,5.6,
2024apge93.pdf,13.0,1.0
2025apcvl55.pdf,,
2025apcvl41.pdf,,
8754-avis-centrale-solaire-boismont-2.pdf,12.79,11.79
p_2024_15931_agripv_pressac_86_2024-07-10_14-19-20_303.pdf,79.0,250.0
p_2024_16314_a_cible_centrale_pv_genouille-charroux_86.pdf,219.0,1.0
p_2024_16005_centrale_pv_le_palais-sur-vienne_87-2.pdf,6.73,4.83
p_2020_9714_avis_ae_delegation_centrale_mazerat_24_signe.pdf,460.0,8.6
2021apcvl28.pdf,32.0,2.0
p_2022_13125_collegiale_pv_saint_simon_de_bordes_17_mrae_signe.pdf,15.0,10.8
190218_apbfc07_photovoltaique_boyer_jugy_71.pdf,,
p_2024_15774_3v_centrale_pv_sol_doudrac_47.pdf,30.0,24.7
p_2023_14730_avis_parc__photovoltaique_saint_priest_taurion87_signe.pdf,692.0,4.7
a_2025_6253_installation_agrivol_st_scolasse_sur_sarthe_delegue-1.pdf,21.8,
251112-apara-1961-centralepv_allan_26_delibere.pdf,40.61,14.09
p_2018_7518_a_phot-st_yriex_87_mls_signe.pdf,5.53,2.7
p_2022_13229_a_photovolt_val_en_vignes_79_meeab_cp_signe.pdf,5.0,4.98
p_2022_13265_a_collegiale20221214_mrae_signe.pdf,280.0,86.61
2022apo69.pdf,7.5,6.5
avis_mrae_bfc-_2024-_4378_seance_06_08_2024_avis_mrae_extension_carriere_dpmec_chemaudin_25.pdf,35.9,
2023apo69.pdf,45.0,23.55
2025apcvl71_centrale_photovoltaique_bretagne.pdf,,
p_2023_14814_centrale_pv_sol_aigre_3eme_voie_mee_signe.pdf,1.81,1.8
2023apo55.pdf,4.2,4.0
20240118-ap-pv-lagardeadhemar-26_vym_vf.pdf,1126.0,3.04
p_2021_12028_pv_trizay_avis_post_collegiale_d-1.pdf,10.7,3.98
p_2019_7899_a_photovoltaique_villognon_16_mrae_signe.pdf,2.8,2.8
p_2024_17056_pv_bergerac_24vf.pdf,12.1,9.97
p_2018_7384_avis_ae_delegation_centrale_cherves_chatelars_16_signe.pdf,23.2,7.0
2022apo96.pdf,7.05,4.9
avis_mrae_2018apreu6_trois_cheminees_saint-pierre.pdf,3.75,5.0
avis2024apgua1delibere-signe2-2.pdf,,1.2
2022apo82.pdf,10.9,8.77
ap-1682_parcpvroussas_26_pour_publication.pdf,38.0,16.0
2023apo96.pdf,,
7417_avis_centralepv_waziers.pdf,7.38,9.39
p_2023_14098_pv_bergerac_creysse_signe.pdf,16.0,9.1
p_2024_n16493_agripv_bouglon_47.pdf,1180.0,5.73
p_2023_14056_a_centphot_payroux_86__mee.pdf,61.0,1.0
2025apo114.pdf,,
p_2025_17290_a_pv_jonzac_signe.pdf,9.52,10.89
2022apge43.pdf,6.0,6.5
2024apo18.pdf,50.0,12.9
2025-apo28.pdf,6.18,4.74
pdl-2022-5997_projet_centralephotovoltaique_arnage_72_2022appdl28.pdf,3.2,
p_2022_fb_13556_avis_pv_villefranche-du-queyran_47_vcollegiale_22-02-23signe_.pdf,18.0,8.62
a_2025-5880_installation_photovoltaique_laize_clinchamps.pdf,9.87,
2024apguy1_parc_solaire_corsicasol_macouria.pdf,13.1,4.5
2022apge80.pdf,8.6,12.0
p_2023_14647_collegiale_20231025_pvolt_captieuxmee_vdef.pdf,8.63,8.0
2023apcvl105.pdf,15.0,1.0
2022apge81.pdf,40.0,
9519_centrale_photovoltaique_janze_35_2022apb10_signe.pdf,3.56,
mrae972_2023apmar4_pc_fpv-carrieregouyer_stpierre_albiomav5-2.pdf,11.0,3.57
2021apge103.pdf,21.0,8.7
p_2024_15759_pv_st_seurin_33_2024-06-05_10-55-10_943-1-1.pdf,1.85,2.17
p_2019_7541_avismrae_delegation_centrale_photo_chevanceaux_17_mrae_signe.pdf,16.0,5.74
avis_mrae_2022apo90-2.pdf,,
p_2018_6251_a_mls_mrae_signe.pdf,42.0,14.3
2022apge42.pdf,1.5,
2024apo19.pdf,3.8,4.3
2025apo115.pdf,13.3,6.2
230214_apara19_gondailly_03.pdf,14.75,7.7
p_2021_10730_avis_parcpvsaint-leonard-noblat_87_mrae_signe.pdf,375.0,6.0
p_2024_n16288_st_aubin_le_cloud_79_collegiale_2024-09-18_12-47-11_609.pdf,88.9,1.0
avis_mrae_pv_agrivoltaique_aleria_vdef.pdf,33.0,21.3
p_2024-16998_pv_cible_saint_coutant_16_signe-3.pdf,33.8,1.0
p_2018_6805_avismrae_delegation_centrale_photo_espiet_33_mrae_signe.pdf,5.7,
2024apo31.pdf,9.0,2.84
2025apo25.pdf,,
2022apo83.pdf,18.0,18.5
p_2024_16221_centrale_agripv_asniere-en-poitou_79.pdf,25.28,13.3
2022apara146_parcpv_montreallacluse_01_vf.pdf,24.6,9.42
2023apo97.pdf,14.19,7.8
p_2024_15308_projet_de_parc_pv_saint-agnant-de-versillat_23-2.pdf,5.9,1.0
2022appaca2.pdf,4.6,1.5
p_2017_5774_avisae_photovoltaique_naujac-sur-mer_33_signe.pdf,5.3,
2019-006761-41909_6761_projet_photovoltaique_de_saint-vincent-sur-oust__56_.pdf,,
p_2020_9932_a_parc-solaire_nicole_47_mrae_signe.pdf,9.1,
2022apo40.pdf,,
2023apo40.pdf,39.0,18.0
2022apge119.pdf,56.7,3.0
2021apge62.pdf,33.0,7.8
2023apcvl77.pdf,70.0,28.6
p_2021_11660_parc_agrivoltaique_chassiecq_16_rv.pdf,103.0,31.45
ap-1817-defrichparcpv-coucouron-07_vym_publication-2.pdf,21.19,10.25
p_2022_12285_pv_biard_avismrae_signe.pdf,8.4,
p_2025_17252_centrale_agrivoltaique_losse_40.pdf,142.59,1.0
2022apgua11_f2.pdf,,
p_2023_14987_parc_photovoltaique_sos_47.pdf,72.0,13.49
pdl-2023-6821_projet_centralepv_sodebo_montaiguevendee_85_2023appdl40.pdf,2.0,10.25
a_2023-5162__installation-photovolataique_perche-en-noce_delibere.pdf,19.0,5.4
2023apo106.pdf,115.7,49.0
2020apbfc24_centralephotovoltaique_sennecey_le_grand_71.pdf,8.2,13.8
p_2023_14104_avis_ae_formule_centrale_photovoltaique_lescar_64_signe.pdf,4.67,5.77
2024-ara-ap-1797_vym_2025-01-06_19-55-33_295-1.pdf,4.66,4.165
2021apcvl29.pdf,6.0,1.0
7800_avis_centrale_solaire_mazinghem.odt.pdf,16.2,1.0
p_2023_15132_avis_pardaillan_pv_collegiale_v2-1.pdf,108.0,1.0
p_2020_9808_avis_ae_centrale_photovoltaique_granges-sur-lot_47_signe.pdf,2.7,2.14
2021apge5.pdf,21.25,26.1
p_2021_11016_photovoltaique_larocheposay_86_mrae_signe.pdf,58311.0,9.65
p_2023_13855_cr_pv_agrivoltaique_valdivienne_86_signe.pdf,15.65,14.77
p_2021_11255_avis_delegue__photov_noaillan_33_mee-2_crv.pdf,136.0,48.89
p_2022_12650_pv_charineau_avis_collegiale-rv.pdf,1900.0,29.0
2021_5279_avis_projet_photovoltaique_menneville.pdf,6.2,4.7
avis_2022apo84.pdf,,
2023appaca15.pdf,470.0,46.2
avis2024apgua4deibere_signe_rv.pdf,6.0,1.0
p_2018_6134_avis_delegation_centrale_photovoltaique_blanquefort_33_jt2_signe.pdf,38.0,
v7_ha_p_2021_11729_a_centrale_pv_flottante_genissac_mrae_signe.pdf,22.0,
2020apge29.pdf,27.07,29.7
2024appaca25.pdf,315.0,124.0
2025-ara-ap-1836_vdeliberee-2.pdf,3.87,4.52
mrae972_2019apmar4_pc_stpierre_centralephotovoltaique_vfin_280619.pdf,5.64,4.0
6635_et_6647_avisae_pc_centrae_photov_warluis.odt.pdf,81.7,25.0
p_2024_15957_pv_cible_surgeres_17.pdf,5.23,4.22
2022apbfc72_pv_chalezeule_25.pdf,3.8,3.25
241203_aparaxxx_parc_photovoltaique_sol_drugeac_15_delibere.pdf,16.71,5.0
2020apge15.pdf,4.92,
pdl-2021-5486_projet_centralepv_beille_72_2021appdl64.pdf,12.7,
p_2024_15506_a_pv_3voie_gurat_16.pdf,6.4,1.0
2023apara88_parcpvflottant_chateauneufsurisere_26.pdf,1000.0,13.48
2024appaca33.pdf,323.6,6.16
p_2025_17428_pv_lignet_86.pdf,44.9,15.0
2019apge89.pdf,15.33,14.0
2024appaca27.pdf,5.56,6.2
8944_avis_photov_violaines_cuinchy.pdf,9.1,9.128
p_2024_15808_pv_au_sol_avis_sencenac_24.pdf,5.3,4.99
a_2025_5900_installation_photovoltaique_moulins_sur_orne-delibere.pdf,4.3,
p_2021_10799_a_agrivoltaisme_castella_47_signe.pdf,73.0,13.9
2022apbfc57_centrale_pv_chatillon_sur_seine_21_defodt.pdf,22.15,20.47
p_2024_16032_cible_pv_vouneuil_signe.pdf,8.8,8.092
2021apbfc60_pv_guillon_montagne_verre_89.pdf,19.75,17.55
2023apge23.pdf,10.0,
2021apge7.pdf,32.0,
2023-11-08_mousseaux_les_bray_parc_photovoltaique_-avis_delibere-.pdf,13.0,7.06
p_2021_10754_avis_ae_delegation_centrale_gornac_33_signe.pdf,6.8,6.34
2024apge90.pdf,29.2,1.0
a_2022-4348_creation-parc-pv_ferriere-au-doyen-61_delegue.pdf,20.8,9.3
2024apge138.pdf,20.8,12.26
p_2020_10269_pv_fontenet__17_jt_mrae_signe.pdf,160.0,3.0
190204_mrae_avis_sur_projet_d_amenagement_ilot_d3_zac_de_l_horloge_a_romainville_93_.pdf,51.0,
p_2021_10929_ombrieres_canards_photov_benquet_40__mee_mrae_signe.pdf,75.0,15.916
p_2019_8300_avis_ae_delegation_centrale_arue_roquefort_40_signe.pdf,39.52,
2020appaca58.pdf,7.0,5.0
p_2020_10530_a_parc-photovoltaique_milhac-de-notron_24_mrae_signe-2.pdf,17.5,12.0
2024apge53.pdf,43.2,
p_2020_10182_avisae_collegial_centralebourganeuf_23_mee_mrae-signe.pdf,6.85,2.2
005756ap-avis-pv-tergnier-beautor.pdf,12.1,1.0
avis_mrae_photovoltaique_volpajola_vdef.pdf,1.24,1.66
7131_avis_centrale_photovolt_bugnicourt2v.pdf,19.0,1.0
avis_mrae_2021apo18.pdf,6.0,3.2
p_2019_8495_centrale_mios_avis_mrae_signe.pdf,2500.0,25.8
p_2024_16963_cible_agripv_47.pdf,16.1,9.4
p_2023-14097_pvsol_coulouniex-chamier_24__signe-1.pdf,5.6,4.4
2022apbfc31_centralepv_bourbon_lancy_71.pdf,10.3,12.93
2018apge29.pdf,149.0,145.0
2023apcvl2.pdf,70.0,41.0
p_2024_15955_pv_fouilloux3_lefouilloux_17.pdf,1000.0,1.0
2021apo39.pdf,19.16,17.8
2022appaca45.pdf,2574.0,9.0
2018apge01.pdf,24.0,17.8
2020apo39.pdf,5.7,4.5
8614_parc_photovoltaique_languidic_56_2021apb12_signe.pdf,,3.7
2022apo95.pdf,6.7,6.47
2022appaca51.pdf,13178.8,
2024_apbfc_4324defrichementloulleetmontsurmonnet_39_delibere.pdf,51.4905,
2025apo27.pdf,4.8,4.5
2022apge68.pdf,100.0,29.5
2025apo117.pdf,,
a_2025_6119_installation_agrivoltaique_ecouche-les-vallees.pdf,11.3,
pdl-2022-5886_centralephotovolsol_roezesursarthe_72_2022appdl20.pdf,7.21,
7173_avis_projet_photovoltaique_loon_plage.odt.pdf,24.0,14.9
2025apge24.pdf,20.0,9.561
a_3054_2019_realisation-parc-photovoltaique_soumont-st-quentin.pdf,11.8,7.5
2025apge31.pdf,49.0,15.18
250307_aparaxxx_projetmobhylys_colombiersaugnieu_69_delibere-1-2.pdf,4.99,
p_2017_5799_avis_delegation_photovoltaique_sabres_jt_mrae_signe.pdf,56.2,17.0
2024apo9-2.pdf,30.0,6.32
2021appaca23.pdf,150.0,48.36
a_2025-6086_installation_photovoltaique_la_frenaye_delibere.pdf,9.3,
2025apge19.pdf,22.4,20.1
2020apcvl46.pdf,,
2025apo116.pdf,,
p_2018_7228_centrale_photo_chef_boutonne_79_mls_signe.pdf,2.76,2.626
2025apo102.pdf,26.4,11.53
p_2018_5974_a_mls_signe.pdf,5.2,3.1
p_2023_13881_pv_prindeyrancon_79_signe.pdf,,1.0
2022apge69.pdf,58.9,12.35
2019-006742-41743_6742_implantation_d_une_centrale_photovoltaique_a_gueltas__56_.pdf,,
2025apo26.pdf,17.0,15.7
2024apo32.pdf,68.0,5.0
2023-ara-ap-1624_st_hilairevfinal.pdf,9.0,10.0
2024-01-18_presles_en_brie_avis_commun_avis_delibere.pdf,19.0,3.87
2022appaca44.pdf,15.4,
2023apo94.pdf,37.58,22.66
2022apara131_parcphotovoltaique_labalme_73.pdf,5.5,5.0
p_2023_14269_avis_parc__photovoltaiqueonesse_laharie_40_mee_signe.pdf,57.57,32.9
ap_pv_st_leger_les_paray_71delibere.pdf,58.72,
2022apo80.pdf,7.5,3.1
p_2017_5744_avis_ae_photovoltaique_nogueresetpardies_signe.pdf,28.1,16.8
avis_10308_photovoltaique_bouillac_24_valmee_signe.pdf,19.2,4.3
p_2024_16059_parc_solaire_agrisolaire_saint_sauvant_rouille_86-1.pdf,100.0,1.0
2020apo10.pdf,6.8,4.91
7239_avis_parc_pv_roisel.pdf,5.0,2.965
2022apo57.pdf,2.86,5.1
2021apge61.pdf,33.0,
2023apcvl74.pdf,60.0,55.0
p_2024_16632_pv_mayac_24.pdf,32.0,1.0
20250603_apara1874_pvflottant_lescheroux_01_delibere.pdf,42.0,30.0
8752-avis-centrale-pv-camblain-chatelain.pdf,5.12,1.0
250610_aparaxx_1877_centralepv_etroussat_03.pdf,96.25,33.3
p_2022_13142_agri-photov_tourtres-47mee-rv.pdf,17.0,9.1
pdl-2022-5955_pc_centralephotov_stmarsdudesert_44_2022appdl26.pdf,3.9,2.0
p_2018_7066_a.mlsodt_collegialefinal_signe.pdf,23.6,24.9
p_2023_14149_pv_saint_sever_avis_signe.pdf,5.6,7.2
2024apo149.pdf,6.8,4.8
avi__2019apguy8_ceog_mana_vdef.pdf,140.0,60.0
p_2019_8772_centrale_pv_mailhac_avis_mrae_signe.pdf,5.62,
2025apcvl57.pdf,37.0,17.64
p_2022_12244_pv_jouac_ab.pdf,192.0,10.0
2024apge139.pdf,69.0,
2024apge91.pdf,25.02,
2024apge85.pdf,12.6,14.5
p_2024_16286_avis_centrale_pv_a_hiesse_16_signe.pdf,20.0,8.6
p_2019_8504_a_photovoltaique_urba80_salles_33_.pdf,13.5,
pdl-2023-7261_projet_centralepv_trignac_44_2023appdl97.pdf,21.0,7.8
avis_projet_pv_garchizy_58-_delibere.pdf,6.8,5.95
avi2022_apmar5_pc_ducos_fpv-extension_totalenergies.pdf,4.0,4.2
2022apara19_centralepv_lusigny_03.pdf,138.6,6.29
2019apge77.pdf,54.0,52.0
p_2019_8527_avis_delegation_bessine_gartempe_87_mrae_signe.pdf,118.0,3.26
11618_avistacite_projet_parcpvausol_liffre_35_2024apb66.pdf,,
2023appaca16.pdf,27.0,23.1
8247_avis_projet_centrale_pv_chepy.pdf,5.5,3.75
p_2024_15960_version_modif_cr-4.pdf,12.5,10.0
2021-009334-pv-roquefortdescorbieres-vmrae.pdf,40.0,4.59
7608_avis_pv_coulongescohan.odt.pdf,133.0,88.0
2024appaca26.pdf,6534.0,13.0
2019apge88.pdf,2.45,2.1
p_2018_6787_avis_delegation_centrale_photo_cere_40_signe.pdf,179.7,95.0
2023-07-26_saintgermainlaxis_centrale_photovoltaique_avis_delibere.pdf,15.0,
2022apcvl24.pdf,150.0,106.0
10116_centralephotovoltaique_folgoet_29_2022apb62_mentionsigne.pdf,17.4,21.3
2024appaca17.pdf,11.0,10.0
p_2024_15637_parc_photovoltaique_saint-hilaire-de-la-noaille_33.pdf,18.46,10.95
8812-8813-avis-commun-pv-haynecourt-2.pdf,5.9,6.0
2019apge85.pdf,20.25,10.4
240523_2024apguy7_centrale_photov_cnes_kourou_relu_dk.pdf,5.0,1.0
a_2024-5348_installation_photovoltaique_arelaune-en-seine_delibere.pdf,20.0,3.5
7174_avis_photovalbert.pdf,5.3,4.2
2024apbfc4319projet_pv_avis_trouhaut-21delibere.pdf,36.0,
a_2021-4253_parc-pv_anneville-ambourville_delibere.pdf,200.0,30.8
p_2021_10763_centrale_photovoltaique_coulombiers_86_signe.pdf,766.82,
2024apge134.pdf,15.96,17.0
231107_apara1598_parcpv_chevagnes_thiel_03_delibere.pdf,50.0,34.6
2024apge120.pdf,80.0,6.1
ap-1662-installation_dune_centrale_photovoltaique_au_sol_balan_01_vfinale.pdf,14.0,6.03
pdl-2024-7735_projet-centralepv_modif2-plu_hotellerieduflee_49_2024appdl50_2024apdl26.pdf,5.2,5.0
2025apcvl66.pdf,,
2024apo144.pdf,6.35,5.85
p_2024_15638_avis_collegiale_pv_vendoire-1.pdf,6.5,1.0
2023apge13.pdf,458.0,
p_2023_14040_a_photov_taize-aizie_16_mrae_signe2.pdf,30.0,23.173
12233_avistacite_pc_centralepv_sol_augan_56_2025apb48.pdf,,
2024apo150.pdf,18.9,12.0
a_2022-4681_creation_centrale_photovoltaique_vernon_delibere.pdf,111.2,
p_2023_14385_avis_coll__photovoltaique_ligne_16_collegiale_final.pdf,2.7,2.33
2023apo120.pdf,3.8,5.0
2024apge63.pdf,20.6,14.4
2022-04-21_projet_centrale_photovoltaique_esmans_77__avis_delibere.pdf,5.3,
2024apge77.pdf,138.0,38.0
p_2022_12286_photovolt_vouneuil_sous_biard_86_mee_signe.pdf,7.3,6.6
p_2023_15018_fb_avis_3eme_voie_parc_pv_miossens-lanusse_64.pdf,2.9,4.0
12166_avistacite_centralepvsol_cessonsevigne_35_2025apb38.pdf,,
2023apo66.pdf,3.1,3.1
2021apge44.pdf,30.0,30.0
2020apcvl2_central-photovoltaique_billy.pdf,,
2023apara62_centralepvausol_stromainengal_69.pdf,1.69,
2023apcvl79.pdf,3.7,2.96
avis_mrae_2020apo28.pdf,7.94,7.19
2022apge103.pdf,13.5,30.0
pdl-2023-676centralepv_gueory_soulge_le_ganelon_72_2023appdl32.pdf,4.58,4.4
180601_mrae_avis_centrale_photovoltaique_marcoussis_91.pdf,46.0,
2023apara33_parcpv_lescheroux_01.pdf,30.7,7.19
2021apo21.pdf,13.2,
2023apara1_actuaee_parcpvsolsalzuit_43.pdf,5.86,4.78
2022appaca49.pdf,220.0,
p_2022_12879_avis_ae_delegation_centrale_solaire_landes_de_mounsaut_47_signe.pdf,1900.0,295.0
2022apge64.pdf,33.0,7.8
20250218_araap1815-pvflottant-dompierresurbesbre-03delibere.pdf,10.0,8.5
2022apbfc58_centrale_pv_mec_plu_labergement_les_seurre_21-2.pdf,2883.0,4.9
2025apo127.pdf,1.85,1.5
180522_2018apbfc26_photovoltaique_picarreau_39.pdf,47.0,22.0
2025apo17.pdf,2.73,2.3
4691_info_tacite_parc_photo_amiens.pdf,,
p_2024_15705_avispv_3emev_bergerac_24signe.pdf,3.39,2.95
2025-apo33.pdf,18.5,14.9
p_2022_13166_avis_pv_villefranche-du-queyran_47_mrae_signe.pdf,1900.0,23.02
8639_avis_centrale_photov_haulchin_douchy_thiant.pdf,166.0,1.0
2025apge14.pdf,42.0,
8320_creation_parc_photovoltaique_au_sol_plomelin_29_2020apb72_publie.pdf,,
p_2024_16009_pv_au_sol_saint-romain_86_cr-2.pdf,29.9,28.3
mrae_avis_aleria_frassone_vdef-2.pdf,20.0,15.0
p_2019_8980_avis_delegation_bessine_gartempe_87_signe.pdf,16.0,14.67
p_2024_15750_a_pv_reaup_lisse_47.pdf,1900.0,27.0
avis_pv_vaumas_ap_1766_publication_v2.pdf,138.0,10.36
2020apcvl62.pdf,,1.0
7816__avis_photovoltaique_pc_haulchin.pdf,84.0,1.0
p_2021_10945_parcpv_menesplet_24_mee_mrae_signe.pdf,32.0,10.0
2025apge15.pdf,18.0,13.873
2022apo142.pdf,3.7,3.8
p_2023_13883_3voie_pv_ussel_19_signe.pdf,2.6,2.24
2025apcvl90_centrale_photovoltaique_parc_photovoltaique_de_crucey_2.pdf,,
2025apo126.pdf,2.6,2.3
avis_mrae_2022apo46.pdf,6.0,
2018apgua4.pdf,5.36,
2023-08-02_misy-sur-yonne_parc_photovoltaique_avis_delibere.pdf,7.3,8.5
p_2023_14897_avis_delegation_parc_pv_modifie_ardilleres_17.pdf,3.41,4.58
2021apo20.pdf,3.68,4.2
8041_let_info_tacite_pc_sol_etavigny.pdf,,
20240820-ap4447bfc-agripv_touillon_21delibere.pdf,57.7,38.4
p_2022_13413_rv1.pdf,69.0,12.77
2023apcvl93.pdf,13.3,6.0
2021apge92.pdf,4.1,
2022appaca60.pdf,4.0,3.0
2022apge102.pdf,9.02,9.54
2022apara34_parcpv_coucouron_07.pdf,27.0,10.25
2021apge79.pdf,25.0,11.0
11551_avistacite_construction_centralepvagrivoltaiqueausol_gourlizon_29_2024apb55.pdf,,
avis_mrae_apo98_9764.pdf,12.5,12.6
info_tacite_avis_centrale_villersstpaul.pdf,,
2022apo73.pdf,6.0,
avis_mrae_2022appaca82_3295_3296_projet_de_centrale_photovoltaique_a_trigance_83_.pdf,160.0,15.8
2023-ara-ap-1636_corrige.pdf,19.7,13.3
7408_avis_pv_avesnessurhelpe.odt.pdf,135.0,7.94
20241125_ap_bourglesvalence_26_vym4apublier-2.pdf,20.5,8300.0
2023apge12.pdf,9.0,1.0
avi_2022apreu5_extension_isdnd_centrale_solaire_stpierre.pdf,47.4,25.7
2025apcvl67.pdf,95.0,13.86
190621_apbfc35_parc_solaire_subligny-89-tacite.pdf,,
p_2024_15786_centrale_agrivoltaique_manot_16.pdf,27.0,16.53
2024apge121.pdf,32.0,5.1
2024apge89.pdf,81.9,40.0
2024apge135.pdf,3.7,1.0
2025_09_10_acif_008_centrale_flottovoltaique_grande_paroisse_delibere.pdf,1626.0,
200310_apbfc16_parcphotovoltaique_soing_70.pdf,12.45,6.512
2022-02-24_avis_centrale_solaire_ferolles_attilly_adopte.pdf,37.0,
p_2024_15374_avis_centrale_agripv_montagnac-sur-lede_collegiale_restreinte-1.pdf,40.0,1.0
p_2023_14065_avis_ae_formule_centrale_photovoltaique_saint_martin_ars_86_ab-1.pdf,31.55,20.2
a_2025_6139_installation_agrivoltai_que_tanques_delibere.pdf,9.75,10.0
p_2020_10434_centrale_photovoltaique_chateau_garnier_86_mrae_signe.pdf,9.8,
p_2024_16709_pv_les_courlis_vouneuil_sous_biard_86_vf.pdf,10.5,13.5
p_2018_6718_a_mls_mrae_signe.pdf,31.9,15.78
210526_abfc19_pv_neoen_la_machine_58.pdf,12.6,5.0
a_2025_5856_installation_photovoltaique_sol_sebecourt_delibere.pdf,4.7,
2019apge84.pdf,23.4,25.8
2021-009397-avis_mrae_pv_roquemaure_20210712.pdf,20.0,3.378
avis_mrae_2022appaca75_3257_projet_de_centrale_photovoltaique_a_chateau-arnoux_04_-1.pdf,2.7,1.0
5484_avis_ae_centrale_photovoltaique_plomion.pdf,28.7,28.2
20250505apbfc1698agripv_vermenton_89.pdf,40.019,0.0
p_2018_7721_photovoltaique_saint_priest_taurion_a_signe.pdf,9.5,2.5
2022apcvl16.pdf,32.0,1.0
190314_mrae_avis_sur_le_projet_de_centrale_photovoltaique_a_souppes-sur-loing_77_.pdf,20.6,
p_2025_17169_avis_agri_pv_billanges_87_.pdf,23.7,1.0
2020apge24.pdf,24.34,
2023apara100_parc_pv_chateauneuf_du_rhone_26.pdf,33.0,35.0
p_2022_13057_a_coll_phot_reauplisse_47_mrae_signe.pdf,900.0,27.0
2024appaca28.pdf,477.0,10.0
2019apge86.pdf,19.8,21.0
12135_avistacite_projet_centrale_pv_au_sol_lerheu_35_2025apb28.pdf,,3.6
2023appaca18.pdf,51.6,30.0
2019apge79.pdf,10.9,10.0
2020apbfc31_centrale_photovoltaique_fain_lesmontbard_21.pdf,26.0,5.0
2023-ap-1546-projetagrivotaiqueausol_freyssnet07vfinale.pdf,19.0,9.6
2025apge2.pdf,36.0,
2023appaca30.pdf,6.8,5.0
250617_aparaxx_1883_agripv_noailly_42.pdf,54.9,12.2
p_2020_10156_avis_ae_centrale_photovoltaique_dange-st-romain_86_signe.pdf,7.1,6.5
a-2025-5909-installation-photovoltaique-sol-loucelles_delibere.pdf,5.6,4.65
2024apge123.pdf,5.0,3.34
p_2019_8727_centrale_photovoltaique_bernardan_jouac_87_jt_signe.pdf,192.0,
2020apge8.pdf,26.0,
2024apo153.pdf,,
2023apge10.pdf,9.8,8.33
2018-006090-34455_2018_6090__correctif_modificationcentrale_photovoltaique_edf__fouesnant-pleuven__29_.pdf,,
8224_8225_8226_avis_centrale_photovauby.pdf,31.0,
2024apo147.pdf,3.2,3.24
p_2023_14057_a_pv_magnac-laval_stlegermagnazeix_87_signe.pdf,178.0,61.6
2021apcvl30.pdf,69.0,1.0
titre_du_projet_a_entrer_dans_fichier_proprietes_resume_titre_-_20250328apbfcpvtrucymailly89.pdf,112.0,51.19
p_2024_16410_a_centrale_pv_montastruc_47-1.pdf,23.0,12.8
p_2023_14861_avis_formule_pv_st_sulpice_le_gueretois_23_1_.pdf,4.7,4.98
2024apge60.pdf,4.0,
mrae_avis_bocognano_pv_vdef.pdf,2.3,2.36
avis_2018apguy4_parc_photovoltaique_macrabo.pdf,,
avis_1489_projet_pv_argentine_73versionvalidee.pdf,3.7,3.9
2023apo71.pdf,10.0,10.2
pdl-2021-5538_projetcentralepv_stpaternechevain_2021appdl65.pdf,6.03,
2023apcvl46.pdf,44.0,1.0
p_2021_11931_a_pv_saint-hilaire-la-palud_79_def2_signe.pdf,49060.0,3.0
07052024-ap-1689-pv-pontduchateau-63_definitif.pdf,31.72,38.9
2025apcvl83_centrale_photovoltaique_choudday.pdf,,14.26
2023apbfc47_dpmec_et_projet_pv_flottant_chevenon_58.pdf,3294.0,26.3
2020apo36.pdf,3.1,2.14
2025apo130.pdf,15.0,1.0
2025apo124.pdf,11.1,12.46
210601_apbfc21_parc_photovoltaique_saint_prive_89.pdf,2500.0,
p_2018_6553_avis_ae_collegial_parc__phot_ussel_signe.pdf,25.0,9.0
2022-010147_avis_pv_la-bruguiere_vmrae.pdf,24.0,23.0
p_2023_13882_avis_a_l_occasion_du_parc_photovoltaique_niort-79_mee_rv.pdf,3.1,2.23
7722_avis_centrale_photovolt_bugnicourt.pdf,16.5,1.0
p_2019_8894_a_solaire_coulonges-thouarsais_79_mrae_signe.pdf,9.6,5.0
avi_2020apgua4_centrale_pole_caraibes.pdf,4.5,
12283_avistacite_projet_centralepvsol_clotures_plestinlesgreves_22_2025apb59.pdf,,
p_2024_15979_pv_guitinieres-4.pdf,500.0,22.64
2021appaca10.pdf,290.0,29.2
2020apcvl61.pdf,24.0,1.0
2022apge99.pdf,61.0,35.9
2024-ap-1772-parc_pv-vagnas-avisae_publication.pdf,12000.0,2.0
p_2024_16708_pv_agrivoltaique_availles_limouzine_86.pdf,7.4,5.0
10904_avis_parcphotovoltaiquelachapellebouexic_35_2023apb66.pdf,4.9,
2022apo141.pdf,6.75,4.91
p_2024_15660_proc-commune_pv_stmartialartenset_24.pdf,5.1,5.2
2025apo15.pdf,24.88,13.47
2024apo15.pdf,2.2,2.0
11932_avistacite_construction_centralepv_legrandfougeray_35_2025apb8.pdf,,
p_2019_8966_parc_photovoltaique_sigoules_flaugeac_24_jt_mrae_signe.pdf,68.79,12.5
2025apo125.pdf,16.9,9.13
2025apcvl87_construction_d_un_parc_pv_a_azay-le-rideau_37_.pdf,,
p_2024_16218_avis_ae_delegation_centrale_cabanac_33.pdf,38.9,26.2
2025apo29.pdf,3.0,
p_2019_7858_centrale_linxe_avis_signe.pdf,15.0,
p_2023_15092_avisae_formule_3_voie_pv_verteuil_agenais_47_signe.pdf,11.53,9.3
2024apo29.pdf,35.0,1.0
2021apo23.pdf,29.0,30064.0
2020apo23.pdf,8.9,
p_2020_9459_avis_ae_centrale_lichere_belin-beliet_33_mrae_signe.pdf,26.0,
a_2025_5857_installation_photovol_gonfreville_l-orcher_delibere.pdf,43.0,
mrae_avis_biguglia_vdef.pdf,12.0,9.34
2023apcvl90.pdf,36.6,1.0
2022appaca77.pdf,,
p_2019_8085_ae_pv_salles_mrae_signe.pdf,132.0,55.7
2023apo58.pdf,30.0,25.0
8039__avis_centrale_photovolt_haynecourt.pdf,148.0,20.671
avi_apreu12_centrale_photovoltaique_rivieredesgalets.pdf,4.4,
2021apge46.pdf,5.0,30.0
2024apge61.pdf,9.8,1.0
8402_avis_pv_seringes_nesles.pdf,4.9,1.0
2023apo122.pdf,7.28,11.0
10407_photovoltaique_meneac_56_2023apb17_mentionsignee.pdf,19.0,1.0
2023apbfc11_pv_annay_la_cote_89.pdf,17.7,20.66
2023apo136.pdf,18.0,1.41
2020appaca56.pdf,2.3,
p_2024_16332_centrale_agrivoltaique_st-pardoux-et-vielvic_24.pdf,20.0,14.7
p_2023_14168_a_pv_puch-d-agenais_47-1_rv.pdf,16.7,11.0
220408_aparaxx-centrale_photovoltaique_au_sol-domerat-03_delibere.pdf,70.0,45.0
2024apge49.pdf,29.6,1.0
a_2025_6260_installation_agrivoltaique_ranes_61_delibere.pdf,17.68,10.7
2024apo146.pdf,4.04,4.21
p_2022_13141_a_centrale_birac_47_mrae_signe.pdf,13.16,3.5
avis_mrae_novella_pv_corsica-sole-vdef_1_-2.pdf,10.0,3.5
2024apo135-2.pdf,3.0,2.44
2023apge11.pdf,1.3,
2023apge39.pdf,8.7,
avi_2020apguy4_centrale_photovoltaique_camopi_2-2.pdf,0.9,1.0
pdl-2021-5198_centralepv_valeco_courgenard_72_2021appdl29.pdf,6.7,4.8
2023appaca31.pdf,2.4,2.035
p_2024_16388_pv_fargues_sur_ourbise_47.pdf,11.5,14.0
2019apge78.pdf,12.0,10.0
2023appaca19.pdf,41.0,1.0
2019apge87.pdf,18.84,15.54
p_2018_6932_delegation_centrale_photovoltaique_st_jory_chalais_24_mls_mrae_signe.pdf,3.22,
p_2020_9770_cr_a_mees_signe.pdf,15.1,17.93
2022apcvl17.pdf,44.0,1.0
2019apge93.pdf,16.9,13.92
p_2021_11011_avis_parcpv_persac_86_signe.pdf,11.0,12.61
pdl-2022-6390_centralepv_la_mazuraie_ombreeanjou_49__2022appdl85.pdf,,3.5
2022apbfc23_pv_les_clerimois_89.pdf,5.42,4.18
200728_apbfc37_pv_akuo_stmartindelamer_21.pdf,25.0,14.0
a_2024-5526_ip_edelweiss_delegue.pdf,14.7,1.0
2022apcvl13.pdf,6.4,3.75
a_2022-4633_centrale-photovoltaique_la_chapelle_mercey_delibere.pdf,17.6,10.0
p_2024_16951_avis_ae_collegiale_centrale_bassillac_et_auberoche_24_3_.pdf,26.9,17.0
p_2023_14988_avis_ae_delegation_centrale_photovoltaique_pompiey_47.pdf,76.8,53.8
p_2018_6885_a_mls_fb_collegiale_signe.pdf,25.5,250.0
6218_avis_parc_agrivoltaique_chouy.pdf,17.0,
projet_pv_flottant_lure_roye-70-20240305delibere.pdf,17.4,4.924
p_2024_15665_avis_ae_formule_centrale_photovoltaique_gardonne_24.pdf,6.0,4.818
190920_apbfc48_photovolt_tracy_58.pdf,8.6,500.0
2025apge7.pdf,24.57,
mrae_avis_pv_tallone_vdef-2.pdf,21.0,12.0
projet_de_parc_photovoltaique_au_sol_au_lieu-dit_sur_la_commune_d_augisey_39_.pdf,31.496,
p_2018_6441_a_mls_signe.pdf,34.0,1.0
p_2024_15480_avis_ae_collegial_restreint_centrale_pv_oradour_16.pdf,2461.0,19.1
2023apbfc2_centralepv_flottant_gueugnon_71.pdf,43.0,11.3
2022apara68_projet_centralepv_stvictor_03.pdf,23.84,19.0
2025apcvl88_centrale_agrivoltaique_au_sol_au_lieu-dit_le_haut-galmain_a_panzoult_37_.pdf,,
231026_ap1614_parcpvsol_voussac_03.pdf,496200.0,38.0
2023apo29-2.pdf,6.7,1.0
p_2023_13985_avis_ae_formule_co_activite_agricole_et_photovoltaique_nerac_47_signe.pdf,18.0,13.78
p_2023_14813_centreal_pv_sol_touverac_16_signe.pdf,4.87,4.69
p_2024_16549_parc_photovoltaique_lessac_16vf.pdf,47.0,1.0
2025apcvl60.pdf,146.0,14.37
p_2023_15011_a_7_.pdf,82.0,1.0
2023apge29.pdf,9.453,1.0
2023-011914_avis_pv-soupex_delegation-valide.pdf,22.0,19.5
2025apcvl48.pdf,,
190314_mrae_avis_sur_projet_de_centrale_photovoltaique_a_gargenville_et_issou_78_.pdf,55.0,24.038
180515_2018apbfc22_parc_photovolt_st_aubin_en_charolais71-tacite.pdf,,
2021apcvl21.pdf,6.0,1.0
2024apge59.pdf,78.0,1.0
2020appaca52.pdf,275.0,
avis_mrae_solaire_aghione_pv_akuo_vdef.pdf,600.0,42.3
5763_avisae_pc_centrae_photovoltaique_wahagnies.pdf,8.76,
2022apo48.pdf,4.0,5.0
8416_let_info_so_centrale_photov_ohain-2.pdf,,
p_2021_11185_photovoltaique_migne_auxances_86_signe.pdf,2896.0,2.24
2023apo60.pdf,3.7,4.0
p_2023_13790_avis_ae_delegation_centrale_solaire_saint-jouvent_87_signe.pdf,20.4,20.4
9537_pv_salsigne-villardonnel_avis_mrae2021apo75.pdf,42.6,18.3
11996_avis_agrivoltaique_marcillerobert_35_2025apb14.pdf,107.0,1.0
p_2021_10762_a_parc-photovoltaique_bousses_47_mrae_signe.pdf,1900.0,44.3
2022apo60.pdf,20.0,2.5
pdl-2022-6397-projet_centralepv_grand-auverne_44_2022appdl79.pdf,16.95,20.34
2023apo74.pdf,17.0,13.3
200219_apara24_photovoltaique_roussas_26_delibere.pdf,30.0,
2020apo27.pdf,,
2020-ara-sainsavin-carriereap-1032v_transmiseym2-2.pdf,6.86,7.7
8985_photovoltaique_sulniac_56_2021apb36_signe.pdf,9.0,
10958_avis_pv_leverger_35_2023apb67_mentionsigne.pdf,1.9,1.0
pdl-2023-7429_projet_centralepv_staignandegdlieu_44_2024appdl1.pdf,18.0,2.95
2023apara81_parc_pv-pont_dain_01.pdf,12.6,500.0
2025apo109.pdf,,
p_2020_10558_pv_belves_mee_mrae_signe.pdf,4.65,
2025apo39.pdf,17.5,4.2
210323_abfc10_parc_solaire_aeroparc_fontaine_reppe_90.pdf,243.0,41.2
p_2024_16045_avis_centrale_pv_au_sol_thc_16_signe.pdf,3.93,3.68
2025apo121.pdf,15.7,8.39
2024apo39.pdf,24.85,11.28
p_2020_9811_a_mee_signe.pdf,1000.0,9.79
2022apge89.pdf,6.0,5.63
2022apbfc3_pv_paron_89.pdf,4.3,3.0
202xapge148.pdf,10.01,5.25
2021appaca14.pdf,33.3,17.1
2020apcvl59.pdf,10.5,9.0
p_2023_14335_a_centrale_pv_araux_64_meesigne-1.pdf,4.4,4.0
2020apcvl58.pdf,16.6,1.0
2024apbfc4259-pvarnay-le-ducdelibere.pdf,7.9,
5176_5177_avis_parc_photovoltaique_rouvignies_wavrechain.pdf,93.0,
2024_4314_pv_eguilly_21_delibere_def.pdf,6.2,
a_2024-5610_installationn-photovoltaique-sol_brieux_delibere.pdf,5.16,6.3
p_2021_11995_pv_pierrieres_17_signe.pdf,3.4,
2020apcvl64.pdf,38.4,1.0
2023-11-22_orgeval_78_avis_centrale_agrivoltaique_avis_delibere.pdf,93.0,
2022apge88.pdf,8.16,8.2
7251_avis_centrale_photovoltaique_hamel.pdf,5.9,6.7
2024apo38.pdf,,
2025apo120.pdf,23.4,13.3
p_2022_13040_a_centrale_agrivoltaique_295ha_durance_signe-1.pdf,1421.0,260.0
p_2024-17000_avis_ae_collegial_centrale_pv_le_temple_33_2_.pdf,230.0,1.0
2023apo5.pdf,7.5,2.5
2025apo38.pdf,3.67,2.4
2025apo10.pdf,262.0,21.0
p_2023_14171_pv_st_pee_sur_nivelle_signe.pdf,8.2,2.75
2024apo10.pdf,,13.88
2025apo108.pdf,,
12414_avistacite_projet_centralepvsol_cleguerec_56_2025apb76.pdf,,
info_tacite_avis_projet_centrale_oxelaere-2.pdf,,
a_2023-4844_installation-photovoltaique-sol_cherbourg_adopte.pdf,2000.0,3.89
avismrae_pv_perneslesfontaines84_07nov2022.pdf,5.6,4.92
2024-ara-ap-1660_teilhede_63_v_ym_fdv2finalcr.pdf,74.0,14.99
201020_apbfc050_pv_sermizelles_89_valide.pdf,10000.0,600.0
2023apo75.pdf,28.0,24.4
p_2018_7105_centrale_photo_passirac_16_mls_signe.pdf,5.0,4.4
2022apo75.pdf,12.1,12.0
2020-008509_projet-avis_pv_soumont_le-bosc_vdelibereemrae.pdf,8.8,3.3
p_2024_15903_cible_centrale_pv_saint-paul-les-dax_40.pdf,9.0,4.52
p_2024_15402_avis_collegiale_restreinte_pv_egletons_19.pdf,58.94,1.0
avismrae972_2025apmar6_albioma_diamant_sign.pdf,35.64,5.87
2024-ap-1696-projetagrivotaiqueausol_souvigny03publication.pdf,1500.0,32.55
p_2023_15161_avis_ae_delegation_centrale_lavergne_2_47_signe.pdf,60.0,6.5
8352-avis-centrale-photo-tricot.pdf,3.51,
20250606-ara-ap-1876_vymbayet_st_didier_03_delibere.pdf,60.0,24.2
2024apge64.pdf,51.0,
10363_projet_centralepv_aucaleuc_22_2023apb11_mentionsigne.pdf,100.0,
p_2024_15990_avis_centrale_pv_au_sol_gouex_86-3.pdf,5.0,4.64
10415_avisparcphotovoltaiquenivillac_56_2023apb22_mentionsigne.pdf,11.3,
2022apbfc64_pv_maillet_chazelot_70.pdf,81.0,14.6
pdl_2023-7530_centrale_pv_le_chene_vert_thoure-sur-loire_44_2024appdl18.pdf,7.2,
2024apge133.pdf,3.3,1.0
2023apge28.pdf,,10.2
2024apge127.pdf,7.96,
p_2021_11254_a_pv_stpey-de-castets_33_mee_2_signe.pdf,41.7,18.0
2024apo143.pdf,21.0,
2021-009705-pv-sallelesdaude-vfmrae.pdf,35.0,11.0
p_2024_16515_avis_ae_delegation_centrale_le_barp_33signe.pdf,30.55,11.57
p_2024_15457_a_centrale_pv_3v_lussac_les_eglises_87.pdf,1.82,1.62
012415_avis_pv_stthois_29_2025apb74.pdf,65.0,13.0
p_2019_8779_avis_delegation_photov_capbreton_40_mrae_signe.pdf,6.7,
12131_avistacite_projet_centrale_av_ploneourlanvern_29_2025apb30.pdf,,
avis_pv_moulins-en-tonnerois_2024delibere.pdf,18.0,
ap1850-parcpv_pierrefittesurloire_03_vdeliberee.pdf,37.9,18.2
2020apcvl22reduit.pdf,,
2024apge6.pdf,15.67,
2021apara120_projet_parc_photovoltaique_chaspuzac_loudes_43.pdf,11.5,10.4
p_2018_7358_parc_photovoltaique_garlin_a_signe.pdf,9.0,
p_2023_13633_avis_ae_formule_centrale_solaire_chauvigny_86_signe-4.pdf,4.17,3.49
240129_ap1663_parc-agrivoltaique_loriges_paraysousbriailles_03_vf.pdf,52.0,16.88
2024apbfc3-pvpoiseul-la-ville-et-laperriere-2.pdf,6.3,12.87
6861_avis_centrale_photovoltaique_breteuil.pdf,13.75,1.0
avi_2020apreu3_centrale_solaire_cambaie_stpaul_quadran_projet_publication.pdf,4.0,
p_2019_9224_ae_pv_saucats_signe.pdf,12.0,10.8
2023apbfc7_pv_bassou_chichery_89.pdf,21.4,15.26
2019apge80.pdf,27.9,7.4
8297_avis_photov_amigry_rouy-2.pdf,5.19,6.8
2021_-ap-parcphotovoltaique-nohanent-63_delibere.pdf,15.7,10.82
2020_4683_avis_projet_photovoltaique_jeumont.pdf,14.2,8.0
8119_lettre_info_tacite_pv_tricot.pdf,,
2022apcvl38.pdf,20.0,1.0
2023apara111_parc_pv_belley_01.pdf,63.0,11.67
p_2020_10445_avis_ae_delegation_centrale_chateauneuf_16_signe.pdf,10.3,11.2
2024apge4.pdf,115.8,19.9
p_2018_7416_ae_pv_martignas-sur-jalles_avis_mrae_signe.pdf,6.96,7.63
2020apo25-2.pdf,8.1,9.0
p_2021_11957_avis_parcpv_beylongue_40_mee_def_mrae_signe.pdf,232.0,16.47
11258_centrale_pv_guiscriff_56_2024apb20.pdf,6500.0,1.0
2025apcvl63.pdf,,
2024apo141.pdf,,
3310_avis_tacite.pdf,,
2024apge131.pdf,52.0,22.0
6112_avisae_pc_photovoltaique_variscourt.pdf,44.2,
p_2021_12325_saint-mard_avis_ae_mee_signe.pdf,3.9,2.84
201103_apbfc053_parc_photovoltaique_saint_forgeot_71.pdf,14.14,6.6
p_2024_15508_centrale_photovoltaique_au_sol_cachen_40.pdf,220.0,1.0
2024apge66.pdf,364.0,
2022apbfc4_pv_molay_89.pdf,26.0,22.0
180717_2018apbfc42_photovoltaique_dijon_21.pdf,28.85,16.5
p_2023_14105_centrale_agripv_21_8_ha_saint-maurice-des-lions_16_mrae_signe.pdf,60.0,13.48
2020appaca51.pdf,2110.0,5.0
2021apcvl22.pdf,8.0,3.0
2023apo119.pdf,8.38,10.0
p_2024_16628-16629_centrale_pv_cosledaa_lube_boast_64.pdf,14.78,16.26
p_2018_7507_complexe_photovoltaique_jt_mls_signe.pdf,1900.0,39.71
2024apaca47-2.pdf,129.0,18.9
a_2023-5216_installation-photovolt_saint-hilaire-le-chatel_delegue.pdf,4.64,1.0
2023apcvl68.pdf,47.8,33.5
prov1_projet_pv_avis_annay_sur_serein_molay_89.pdf,49.05,
avis_mrae_2021apo11.pdf,8.54,6.4
avi_2020apmay2__centrale_pv_mtsamoudou.pdf,5.0,
2023apcvl40.pdf,28.0,1.0
2023apcvl54.pdf,125.0,72.2
2023apo88.pdf,3.6,2.1
2025apcvl81_centrale_photovoltaique_drache.pdf,,
2022apo88.pdf,9.9,2.7
2023apara85_pv_sol_chapelaudevaux-03_2eme_avis.pdf,9.43,11.63
2022apbfc59_pv_saulieu_21.pdf,10.2,
230725_parcpvsol_2e_avis_domerat_03_definitif.pdf,6.01,4.8
2022appaca70.pdf,673.0,1.0
8403_let_info_tacite_centrale_pv_seringues_nesles.pdf,,
avis_mrae_2020apo83_8807.pdf,7.75,5.45
avis_mrae_solaire_pianottoli_pv_akuo_vdef.pdf,5.08,3.0
20250609-ap-1885-pv-frugereslesmines_sainteflorine-43_publication.pdf,8.2,3.3
avis_pv_chevannes-a_debattre_seance_06_08_2024-2.pdf,34.0,25.78
20250131_apbfc_000145_parc_agrivoltaique_apv_commune_grimault_89-3.pdf,39.77,198.5
p_2022_13171_pv_touverac_16_mrae_signe.pdf,4.25,
240320_aparaxx_parcpv_cros_63-2.pdf,17.5,3.76
p_2021_10798_avis_ae_delegation_centrale_largeasse_79_signe.pdf,16.0,
p_2018_7325_civeaux_collegiale_signe.pdf,10.62,16.0
p_2024_16451_pv_labouheyre_40_cible.pdf,21.6,12.9
2020apcvl67.pdf,7.5,1.0
p_2019_7414_avis_ae_delegation_centrale_biganos_33_signe.pdf,2.8,
2022apge74.pdf,69.3,51.9
240910_aparaxxx_parcpv_droiturier_03.pdf,3.27,3.11
2022apge60.pdf,8.5,5.1
2022appaca71.pdf,11.5,5.0
2022apo89.pdf,5.8,
8275_avis_centrale_agriphotovoltaique_villers_agron_aiguizy.pdf,48.9,1.0
avis_mrae_bfc__2024-4433_pv_chagny-2.pdf,9.75,3.0
2023apo89.pdf,17.4,6.4
2024-ap-1808-centrale_pv-paulhaguet_saintgeorgesdaurac_43_avisae_vym_version_definitive.pdf,23.0,11.0
2022apo76.pdf,74.0,
2023apo62.pdf,98.0,23.2
2023apcvl41.pdf,31.2,22.0
2023apcvl69.pdf,30.0,1.0
20251127_apara1970_centralepv_colombier-saugnieu_69_delibere-2.pdf,10.45,6.18
2021apcvl37.pdf,16.9,2.0
p_2021_10783_avis_ae_delegation_centrale_durance_47_mrae_signe.pdf,29.2,
p_2022_12235_avis_ae_collegial_centraleantran_86_mrae_signe.pdf,14.6,7.09
2020appaca50.pdf,6.9,5.0
2023apo118.pdf,40.0,5.0
p_2023_15091_fb_a_3v_centrale_solaire_sainte-gemme-martaillac_47.pdf,10.94,5.32
7462_cadrage_projet_photovoltaique_flers_en_escrebieux.odt.pdf,,1.0
2024apge73.pdf,3.4,1.0
p_2018_6292_a_jt_mrae_signe.pdf,88.0,5.0
2023apo126-2.pdf,23.0,1.0
2018apge110.pdf,11.5,
2024apge98.pdf,159.0,
pdl-2021-5272_centralepv-lombron_72_2021appdl40.pdf,4.4,4.63
pdl-2019-4434_avis_centrale_pv_getigne_2020appdl6.pdf,40.0,
pdl-2024-7781_projet-centralepv_lespineaux_85_2024appdl48.pdf,3.8,1.89
2024apo154.pdf,9.0,8.45
2023apge17.pdf,66.0,49.42
2025apcvl62.pdf,,
p_2019_9261_avis_ae_centrale_villegouge_33_signe.pdf,2.44,
2023apbfc50_parc_pv__dpmec_saint-fargeau_89.pdf,6720.0,
p_2020_10270_serres_agricoles_toiture_panneaux_photovoltaique_ste_livrade_sur_lot_47_mrae_signe.pdf,140.0,
2019apge56.pdf,27.07,29.7
6227_avis_centrale_photo_holnon_savy-2.pdf,27.55,14.1
mrae_avis_morosaglia_pv_vdef.pdf,1.7,1.8
2024ap4515avis_projet_pv_suilly_la_tour_58delibere.pdf,47.8,
pdl-2021-5668_projet_centrale_pv_vallons-del-erdre_44_2021appdl88odt.pdf,6.4,4.55
avis_mrae_pv_parize_le_chatel_58.pdf,27.0,3.89
2022apcvl39.pdf,6.6,1.0
7456_avis_parc_pvflottant_bitry_attichy.odt.pdf,93.0,20.9
p_2017_5562_a.pdf,7.0,
p_2024_16158_cible_centrale_pv_grassac_16signe.pdf,9.5,1.0
2022apbfc8_pv_vireaux_89.pdf,91.0,25.96
2023apge130.pdf,3.4,2.2
2023apbfc55_parc_pv_saint_leger_des__vignes_58.pdf,7.98,7.1
2020apge50.pdf,15.9,12.75
210408_ap_1149_parc_photovoltaique_sol_cessieu_38delibere.pdf,21.0,11.0
2020apge44.pdf,17.0,30.0
12282_avistacite_projet_centralepvsol_posteselec_plestinlesgreves_22_2025apb58.pdf,,
p_2024_16534_avis_agripv_montastruc_47.pdf,15.0,1.0
p_2022_12426_a_agrivoltaique_47_ferme_courlis_mee_signe.pdf,900.0,117.0
2018-006405-37867_6405_projet_d_installation_de_panneaux_photovoltaiques_sur_la_commune_de_laz__29_.pdf,24.0,16.91
20231211-ap1628-pv-anglards-de-salers-15-vf.pdf,33.01,9.07
p_2022_12859_avis_pv_porte_de_benauge_33ab-signe-1.pdf,82.0,20.0
6298_6311_avisae_centrale_solaire_corbehem_courchelettes.pdf,14.5,1.0
2023apge58.pdf,10.47,
2025apcvl39.pdf,,
231016_apara1592_parcpv_cressin_rochefort_01_delibere.pdf,29.0,12.0
2023apge64.pdf,15.0,16.7
8214_projet_photovoltaique_phares_ouessant-avis_mrae.pdf,,
apreu3_pv_aeroport_pierrefonds_vd-2.pdf,9.98,
190212_apbfc05_photovolta_til-chatel-21.pdf,316.0,24.69
2023apge70.pdf,3636.0,1.0
2022apge7.pdf,14.5,15.219
p_2024_16870_agripv_saint-bonnet_19.pdf,30.9,21.8
2021apo4.pdf,3.5,
p_2022_12345_parc_pv_monbahus_signe.pdf,1.28,
7338_avis_centrale_photovolt_somain.pdf,12.3,13.2
p_2021_11252_centrale_photovoltaique_les_leches_24_mee_crv.pdf,6.4,6.17
2021apge33.pdf,4.9,5.1
p_2021_11059_centrale_photovoltaique_lacaussade_47_signe.pdf,3.07,3.3
2022apo11.pdf,14.0,10.3
p_2024_15823-824-825_avis-1.pdf,5.0,1.0
bfc_2024-4525_avis_agripv_chatel-gerard_89_delibere.pdf,34.83,
p_2021_11240_avis_parcpv_castresgironde_33_mee_signe.pdf,47.9,5.0
2023apo39.pdf,3.2,3.1
20240312-ap-1668-pv-reugny-03_relu.pdf,2.5,2.9
p_2019_7841_a_photovoltaique_villognon-luxe_16_signe.pdf,40.0,
2021apo100.pdf,17.0,9.6
2025-06-18_gouaix_77__construction_d_une_centrale_photovoltaique_au_sol_delibere.pdf,36.0,19.2
2021apo56.pdf,11.7,8.976
2025apo48.pdf,18.2,10.35
p_2023_14794_avis_ae_coll_restreinte_centrale_photovoltaique_bourriot_bergonce_40_signe.pdf,900.0,48.0
a_2022-4409_creation_parc_pv_touffreville_delibere.pdf,15.4,15.25
mrae_avis_venaco_vdef.pdf,4.2,2.0
2024apo48.pdf,8.08,7.55
a_2024-5400_installation-photovoltaique_colleville_delibere.pdf,20.0,3.72
p_2021_10856_centrale_phot_sol_letheil_87_signe.pdf,24.0,8.9
2024apo60.pdf,,
pdl-2023-6829_centralepv_lahardiere_argentre_53_2023appdl42.pdf,9.0,
p_2023_15376_avis_ae_delegation_centrale_photovoltaique_casteljaloux_beauziac_47.pdf,35.14,13.14
2025apo74.pdf,11.0,3.83
2024apo74.pdf,,
p_2021_11577_avis_parcpv_mayac_24_signe.pdf,33.0,22.68
p_2024_16883_deux_parcs_flottants_le_barp_mios_33-1.pdf,19.0,25.3
2020apcvl28.pdf,10.0,10.5
210412_abfc12_pv_passavant_la_rochere_70.pdf,7.2,2.539
2023apo116_vf.pdf,1900.0,22.3
11725_avistacite_parcpvdecallouet_loudeac_22_2024apb74.pdf,,
2020apcvl14.pdf,39.0,
2024avisap4343pvbleneau_89adeliberevf.pdf,109.0,
006278ap_avis_centrale_photovolt_rousies.pdf,17.7,1.0
p_2018_6137_a_jt_-1_mrae_signe.pdf,65.0,
2022apo135.pdf,10.2,5.7
p_2024_15791_avispvcible-1.pdf,34.8,17.7
2022apo121.pdf,,
p_2018_7581_centrale_p__beauziac_avis_mrae_signe.pdf,1900.0,
20250930_ap_parc_agrivoltaique_sol_st-sulpice63_vdeliberee.pdf,63.0,11820.0
2025apo61.pdf,40.0,36.0
2021apara126_parc_pv_charmeil_st_remy_en_rollat_03.pdf,27.0,16.6
2024apo61.pdf,18.4,13.5
210303_apara29_photovoltaique_domerat_03.pdf,62.5,13.4
2025apo75.pdf,15.0,7.5
2024apo49.pdf,6.95,4.16
2024apbfc4589stlaurentandenay_71delibere.pdf,31.8,20.2
pdl-2024-7993_projetcentralepv_apexenergie_stcalais_72_2024appdl59.pdf,4.7,4.8
2023apguy3_parc_photovoltaique_papaichton-edfr.pdf,5.0,2.5
2025apo49.pdf,149.8,16.3
p-2024-16602_centralepv_caspeclosse-signe.pdf,32.17,1.0
avi_2022apreu10_centrale_solaire_brassec_tampon.pdf,2.5,3.6
2020apo43.pdf,6.4,4.762
2024apo8.pdf,6.69,12.8
2020apo57.pdf,6.7,4.6
2021apo101.pdf,6.0,3.36
p_2022_12184_a_coll_6avril_mee_parc-photov_17_mrae_signe-2.pdf,5.0,
p_2023_no14993_avis_ae_pv_au_sol_vigeois_19_signe.pdf,19.5,1.0
2023apo38.pdf,29.2,29.5
p_2021_10695_a_photovoltaique_urba80_salles_33_signe.pdf,22.58,
8223_avis-centrale-photov_wailly_beaucamp.pdf,11.36,
p_2023_13749_a_collegiale_signe.pdf,30.0,12.0
180531_2018apbfc28_parc_photovolt_st_yan1-2_tacite.pdf,,
2022apo10.pdf,36.0,17.0
p_2023_13988_avis_ae_formule_centrale_solaire_labasques_nerac_47_signe.pdf,5.1,4.0
2023apo10.pdf,3.45,2.2
2023apcvl27.pdf,,
p_2023_14151_pv_aulnay_17_signe.pdf,2.5,2.25
2018apge84.pdf,255800.0,
2022aparaxx_projet_centralepv_millery_69_delibere.pdf,20.0,11.0
p_2019_7832_ae_pv_laruscade_33_collegiale_signe.pdf,100.0,
2023apge106-2.pdf,3188.0,3.04
p_2020_10370_photovoltaique_laterrade_bourganeuf_avis_signe.pdf,20.3,
2025apcvl79_centrale_photovoltaique_ruffec.pdf,,
p_2023_13613_coll8mars_photov-moulinsurtardoire-16__vpost-collegiale.pdf,6.15,1.0
2024apge29.pdf,10.0,
p_2021_11448_a_pv_stamant-de-boixe_16_mrae_signe.pdf,1700.0,4.2
avis_mrae_sur_projet_de_pv_regusse_83_-1.pdf,43.7,25.0
2021apcvl45.pdf,10.5,1.0
2020apbfc40_parc_photovoltaique_gron_89.pdf,13.72,12.3
p_2020_10447_pv_bonnac_la_cote_87__mrae_signe.pdf,3.8,4.0
2023apge71.pdf,7.2,6.38
p_2023_14099_pv_boulazac_avis_ab.pdf,549.0,
211005_aparaxxx_parcpv-pouzy-mesangy_03.pdf,43.0,40.0
11866_avis_implantationcentralephotostmarcleblanc_35_2024apb91.pdf,5.2,
2024apo126.pdf,8.3,8.1
p_2023_14686_avis_3_eme_voie_pv_lubersac_19_signe.pdf,10.7,10.0
avis_mrae_2023appaca8_3327_3328_et_apaca9_3350_-_pv_et_revision_no2_du_plu_liee_a_ce_projet_-_varages_83_-_clos_de_la_blaque-1-3.pdf,67.0,18.0
p_2019_8290_avisae_collegial_centrale_ygos_40_jt_mrae_signe.pdf,925.0,
2023apara87_parcpv-portedesavoie_saintehelenedulac-73.pdf,803.0,5.3
2023appaca45.pdf,3.8,3.8
p_2024_15529_3v_parc_pv_sol_15_3_ha_marcay_86.pdf,15.3,13.95
001756_a_p.pdf,,
p_2023_14030_pv_sol_5_14_ha_vouneuil-sous-biard86-mee_rv.pdf,17.8,4.95
2019apge18.pdf,,
2024appaca49.pdf,11.4,9.1
a_2023-4781_installation-photovoltaique-sol_vernon_delibere.pdf,2075.0,3.89
7862_avis_centrale_photovoltaique_avion.odt.pdf,20.3,17.85
2020apc3.pdf,1150.0,4.0
2021apbfc59_pv_guillon_gde_craie_89.pdf,4.8,3.5
10402_avistacite_centralepvausol_laille_35_2023apb19_mentionsigne.pdf,,
2022apcvl49.pdf,,
avi_2019apguy5_centrale_photovoltaique_maripasoula.pdf,1.3,2.0
2024apge1-2.pdf,61.5,1.0
p_2018_6994_centrale_solaire_echillais_a_mrae_signe.pdf,3.2,2.24
p_2025_17362_avis_agri_pv_saint-paul_87_cr-1.pdf,19.3,12.9
2020apc1.pdf,3.6,1.85
2023apge133.pdf,25.62,11.28
10665_avistacite_projet_ombrierespv_ilemolene_29_2023apb47_mentionsigne.pdf,,
2021apara3.pdf,43.0,
avispvlery-21-240305delibere.pdf,42.6,
a_2023-4903_photovoltaique-sol_isigny-sur-mer_delibere.pdf,21.7,
p_2023_14178_signe.pdf,145.0,1.0
p_2018_6698_delegation_centrale_photovoltaique_st_jean_angely_17_mrae_signe2.pdf,5.5,4.9
250401-aparaxxx-centraleagripv-limons-63_delibere-6.pdf,39.32,13.99
250916_apara1930_parcpv_marclopt_delibere.pdf,9.4,4.18
p_2023_14890_parc_photovoltaique_touverac_16_signe.pdf,21.72,1.0
2023appaca47.pdf,7.11,6.6
20241119_aparaxxx_parc_agrivoltaique_commentry_03_delibere.pdf,41500.0,38.3
2024apge140.pdf,107.3,32.27
avis_prov_pv_arcy-sur-cure_89delibere.pdf,183.5,107.5
250526-apara-1867-centralepv-pierrelatte-26_delibere.pdf,35.0,15.8
250304_apara1819_pvedf_givors_loiresurrhone_delibere.pdf,8.127,11.81
231219_aparaxxx_pc_centralepvsol_issoire_63.pdf,5.3,3.9
2023apge4.pdf,50.0,44.1
avi_2020apmay1_centrale_pv_koungou.pdf,1270.0,
pdl-2021-5118_centrale_photov_stpierrelacour_53_2021appdl15-2.pdf,39.4,
2021apcvl47.pdf,50.0,2.0
2020appaca34.pdf,150.0,20.4
avi_2022apguy1_centrale_photovoltaique_maripasoula.pdf,3.7,5.0
p_2024_16399_a_cible_centrale_agripv_lauzun_47.pdf,33.5,18.78
ap1656_parcpv_lauracenvivarais_07vfinale.pdf,30.0,18.84
2021apge24.pdf,32.0,
2021apge18.pdf,4.7,
2021apo69.pdf,22.0,13.4
210525aparaxx_parcpv_steagathe_42_delibere.pdf,38.0,10.5
p_2023_15222_pv_chermignac_3eme_voie_signe_avis.pdf,,2.49
p_2023_14272_a_pv_exireuil-nanteuil_79_mee_signe.pdf,,7.0
partie_1___-_20250321_apbfcbfc_000959_parc_agrivoltaique_commune_de_villon_89.pdf,8000.0,
9040-avis-parc-photovoltaique-hydrogene-denain.pdf,,
p_2023_13837_a_pv_sillars_86_mee_rv.pdf,172.5,50.8
p_2023_14185_a_3eme-voie_centrale_pv_penne-d_agenais_47_rv.pdf,14.6,11.08
2020apbfc23_centralephotovoltaique_venoy_89.pdf,21.0,19.78
200424_apara41_photovoltaique_st-mary_15_vf.pdf,11.3,10.5
2024ap4390avis_pv_bondeval_25delibere.pdf,6.34,
p_2023_15039_avis_3eme_voie.pdf,3.7,3.5
p_2021_10961_centrale_solaire_saint_aigulin_17-1_mrae_signe_v2-1.pdf,18.4,22.83
2025apo77.pdf,8.4,6.46
2024apo63.pdf,200.0,11.0
p_2022_12896_a_pv_nicole_47_vmeeab_signe.pdf,9.1,9.5
2025apo88.pdf,20.0,6.1
2022apo123.pdf,3.78,3.17
005736ap-avis-pv-tergnier.pdf,4.6,1.0
2025apge48.pdf,8.34,
p_2023_14197_a_pv-agrisolaire_cavarc_47-post-collegiale2.pdf,23700.0,
p_2018_6490_centrale_photovoltaique_mrae_signe.pdf,10.6,5.3
2020apcvl16.pdf,23.0,
p_2018_6659_a_jt_signe.pdf,6.1,1.0
2024_apbfc_4346pvpimorin_39_a_debattre_2024-05-10_21-57-25_218-1-3.pdf,15.23,
2024apo89.pdf,15.0,14.0
2025apo76.pdf,180.0,26.0
2022apge39.pdf,37.5,17.8
6395_avisae_pc_centrae_photov_wallers_sud.pdf,9.4,1.0
2024apo62.pdf,15.0,14.0
p_2024_15954_cible_pv_au_sol_saint-yrieix-la-perche_87signe.pdf,2.5,2.7
avismrae_pv_l_isle-sur-la-sorgue_84.pdf,6.32,6.31
2023apcvl36corrige.pdf,101.0,3.0
2024ap4554defrichementpvfraisans.pdf,2.1371,
p_2024_16242_centrale_pv_solferino_40signe.pdf,2520.0,60.9
p_2022_12197_avis_proc_commune_centrale_solaire_lepardoulet_24_mrae_signe.pdf,15.0,
avis_mrae_san-gavino-di-carbini_pv_sas-des-naiades_vdef.pdf,18.8,12.0
6266_avis_centrale_photovolt_trosly_breuil.pdf,11.54,1.0
avis_apgua4_vf-1-1.pdf,1.9,1.56
p_2021_10692_a_mee_signe.pdf,10.0,3.84
20250805-ara-ap-2025-01903-parcphotovoltaiqueausolnervieux_42_vdeliberee.pdf,32778.0,6.53
240523_aara1404__apara1705_mecduplu_parcpv_neuillylereal_03_delibere.pdf,4687.0,12.41
p_2020_9993_avis_ae_delegation_centrale_rauzan_33_jt_mrae_signe-2.pdf,6.6,2.842
p_2023_14679_parc_photovoltaique_borcq_sur_airvault_79_signe.pdf,14.3,1.0
2023apara110_parcpv_villefranchedallier_03.pdf,27.9,18.61
p_2023_15187_a_centrale_pv_18_6_ha_brigueuilv1-1.pdf,21.8,1.0
avis_mrae_2024apreu1_pv_passion_akuo.pdf,1.5,1.66
2021apge19.pdf,34.0,20.0
2023apcvl24.pdf,240.0,1.0
p_2023_13976_avis_ae_delegation_centrale_solaire_mezos_40_signe.pdf,216.0,54.45
p_2022_12955_agrivoltaique_bazac_16__mee_signe.pdf,154.0,
210126_apbfc1_parc_solaire_lamachine_58.pdf,20.0,600.0
1-6-1-32_sauvetat_valeco_pvsol_avis_valide_mrae-2.pdf,9.6,6.9
avis_mrae_2020apo75.pdf,44.0,38.6
2023apcvl30.pdf,36.0,3.0
p_2023_14225_pv_baneuil_24_signe-1.pdf,,3.0
2021apcvl46.pdf,14.6,1.0
p_2023_14601_avis_ae_formule_centrale_pv_st-medard-mussidan_24_vmrae.pdf,3.22,3.37
p_2024_15516_parc_pv_sol_usseau_86.pdf,3.78,1.0
p_2019_8314_centrale_photovoltaique_lucmau_mrae_signe.pdf,51.0,
2020appaca35.pdf,150.0,20.4
2023apge99.pdf,3.5,1.0
2023apge5.pdf,,
2021apo6.pdf,4.18,4.0
8682-avis-projet-pv-courrieres-2.pdf,13.1,12.134
2024apo125.pdf,6.1,3.98
p_2024_16563_avis_cible_centrale_agripv_brocas_40.pdf,46.75,18.16
20240610_ap_parc_photovoltaique_sol_nassigny_03_vf.pdf,7.22,6.9
p_2024_15684_pv_saint_magne_33.pdf,12.5,10.1
2023apge72.pdf,26.5,1.0
2024apo131.pdf,16.2,13.77
2023apara50_parc_photovoltaique_espeluche_26.pdf,20.0,11.6
2023apara67_parcpv_lesmathiaux_saintvoir_03.pdf,137.0,9.8
pdl-2023-7375_projet_parcpv_jouesurerdre_4482023appdl111_corrige.pdf,4.0,4.2
avis-mrae_pv_liernais21_delibere.pdf,14.73,7.5
2023appaca52.pdf,6.8,1.0
p_2024_15378_centrale_agrivoltaique_samazeuilh_laubarede_argenton_47signe-2.pdf,1180.0,12.62
2022_apbfcxx_pv_chevenon_58.pdf,3290.0,34.4
2023apara31_parcpv_chavroches_03.pdf,8.6,2.17
231004_apara1584_parcpv_couteuges_43_deliberevf.pdf,22.0,10.0
p_2024_15959_pv_gente_16-signe.pdf,27.5,3.2
2020appdl68_pdl-2020-4979-4980_centralepv_argentre-louvigne_versiondeliberee-2.pdf,8.2,15.5
p_2025_17193_avis_ae_centrale_agrivoltaique_magnac-laval_87_signe.pdf,157.0,44.5
6013_avisae_pc_trith-st-leger_prouvy.pdf,250.0,22.4
20250307_ap_1827_parc_agrivolt_stpierredechandieu-69vfinale.pdf,9.6,6.62
2021appaca27_.pdf,30.0,7.4
251014_apara1950_parcpv_montagnieu_01_delibere.pdf,10.0,4.38
p_2022_12196_parc_agrivoltaique_st_jorys-las-bloux_24_rv.pdf,102.0,61.1
210223_apbfc4_parcphotovoltaique_neuvy_sur_loire_58.pdf,15.9,600.0
2023apge126.pdf,22.46,
p_2021_10900_a_pv_flottant_arsac_33_signe.pdf,167.0,
p_2022_13037_avis_ae_delegation_centrale_solaire_allons_47_mrae_signe.pdf,1900.0,170.0
2022apcvl48.pdf,,
2020apge56.pdf,25.0,35.8
p_2024_15730_avis_ae_formule_centrale_photovoltaique_sarrazac_24-1.pdf,4.99,2.87
2024apbf4210avispv_calmoutierdelibere.pdf,3.2,
2024-11-27_germigny-leveque_77_centrale_photovoltaique_avis_delibere.pdf,4.1,1.0
2023apge122.pdf,32.0,11.7
2022apcvl58.pdf,1200.0,121.2
190722_apbfc40_parc_solaire_nitry-89_tacite.pdf,,
2023appaca42.pdf,6.2,7.3
240408_apara1672_parcpvsol_saulcesurrhone_26_delibere.pdf,8.2,5.3
2022apara157_centrale-photovoltaique_serves-sur-rhone_69.pdf,11.21,5.0
p_2024_15918_avis_ae_delegation_parc_photovoltaique_herre_40.pdf,330.0,20.0
11484_avistacite_constructioncentralepvausol_s_cessonsevigne_3582024apb48.pdf,,
20231229-torteron-18-pv-avis-vdef.pdf,1000.0,2.0
210309_apbfc6_pv_marast_moimay_70.pdf,94.5,11.7
11394_avis_parcphotovoltaiquelerheu_35_2024apb36.pdf,20.3,
2023apge62.pdf,28.4,1.0
p_2023_14706_avis_ae_delegation_centrale_photovoltaique_saint_pierre_amilly_17_plodt.pdf,5.0,4.3
p_2024_16542_pv_taponnat-fleurignac_16_signe.pdf,4.4,2.9
2024apge151.pdf,230.0,
p_2024_15272_centrale_pv_au_sol_bougneau_17-1.pdf,1000.0,1.0
2022-07-28_avis_projet_jablines_77_-centrale_photovoltaique_delibere.pdf,47.0,
8983_avis_projet_photovoltaique_loon_plage.pdf,24.0,14.9
190423_apbfc20_photovoltaique_aubaine_bessey-en-chaume-21_tacite.pdf,,
2021apcvl56.pdf,22.0,1.0
avis_mrae_2021apo105.pdf,41.5,18.15
180605_2018apbfc34_photovoltaique_sanvignes_les_mines_71.pdf,31.0,11.68
p_2021_10696_avis_ae_delegation_centrale_donnezac_33_mrae_signe.pdf,13.8,8.64
avis_mrae_bfc_2024-4592_pv_precy-le-sec_2024_pour_validation_en_seance.pdf,117.7,75.74
p_2020_9701_cr_a_mls_cr2-mls2_signe.pdf,222.0,13.0
2020appaca25.pdf,43.0,7.5
12236_avistacite_creation_logement_et_za_elven_56_2025apb49.pdf,,
2020appaca31.pdf,,
p_2019_8450_a_mls_signe.pdf,6.0,
2021apo87.pdf,11.5,7.55
2018apge97.pdf,5.12,
2023apo17.pdf,7.0,300.0
pvboralex83_avismrae.pdf,315.0,106.0
2021apge35.pdf,5.5,
2023apcvl20.pdf,,
p_2018_7579_a_deleg_photov_samazan_47_mls_signe.pdf,12.0,5.0
p_2023_15158_avis_ae_delegation_centrale_lavergne_1-47_signe.pdf,60.0,7.25
180616_2018apbfc37_parc_solaire_decize_58-tacite.pdf,,
2025apo66.pdf,10.0,
2022apbfc33_centralpv_vaulx_lugny_89.pdf,21.6,
2024apo72.pdf,12.0,9.5
8725_avis_centralepv_marle.pdf,22.0,9.28
2025apo98-3.pdf,100.0,10.35
230919pv_champssolairesnuceriens_89_avisdelibere.pdf,320.0,
2023apbfc52_parc_pv_aiserey_echigey_21.pdf,47.0,18.2
10369_avis_parcphotovoltaiquebaindebretagne_35_2023apb30_mentionsigne.pdf,6.8,3.75
p_2022_12540_pv_la_brede_mrae_signe.pdf,11.4,
2024apguy5_centrale_photov_galion_roura_1_.pdf,27.02,6.0
2025apo99.pdf,718.0,115.83
pdl-2024-8318_8319_projet_agrivoltaique_noyantvillages_49_2025appdl6.pdf,49.87,36.9
2022apo132.pdf,21.42,17.45
2022apo126.pdf,19.0,21.0
2024apo98.pdf,4.4,3.7
2022apo127.pdf,4.5,5.0
p_2023_13819_parc_photovoltaique_champagne-mouton_16__meeab-2.pdf,28.0,26.08
p_2023_13854_3voie_cr__signe.pdf,5.65,6.2
2022apo133.pdf,31.6,1.0
p_2024_15601_avis_centrale_agripv_millac_86-3.pdf,134.0,18.8
2023apara69_centralepv_cerilly_03.pdf,18.4,4.72
240218_ap1677_extension_parc-photovoltaique_charroux_03publie.pdf,18.65,13.46
avi_2022apreu8_projet_avis_centralephotovoltaique_pitonmarcelin_le_tampon.pdf,1.9,
p_2021_11651_avis_collegial_centrale_pv_dange_86__mee_mrae_signe.pdf,17.0,16.5
2021appaca62.pdf,45.8,
p_2022_12330_a_pv_castets_40_mrae_signe.pdf,75.5,
p_2020_9551_photov_le_temple_sur_lot_47_signe.pdf,10.3,
2022apge14.pdf,40.6,37.0
2024apo67.pdf,4.9,5.0
p_2018_6583_parc_photovoltaique_marigny_avis-mrae_signe.pdf,,
avi_2021apreu10_pv_hlp_2_3_ste_suzanne_vd-2.pdf,5.1,
11247_avistacite_implantationparcpv_stmalo_35_2024apb18.pdf,,
2020apbfc42_pv_grandes_plaines_aerodrome_crotenay_39.pdf,8.12,8.5
2025apo67.pdf,15.7,8.19
2022apbfc66_pv_decize_58.pdf,4.8,3.79
p_2019_7341_avis_ae_delegation_centrale_andernos_33_signe.pdf,4.0,
p_2024_16804_centrale_pv_de_73_mw_et_147_ha_a_beychac-et-caillau_33.pdf,7.7,1.0
11125_avistacite_creationfermeagrivoltaique_pleyberchrist_29_2024apb3.pdf,,
8881_8882_avis_pv_flavacourt_serifontaine.pdf,80.0,60.0
2023apcvl21.pdf,,
2018apge82.pdf,4.9,
2022apo16.pdf,7.0,
20240603apbfc001698_pv_millery_21.pdf,15.65,
p_2021_11741_mee_vdef1_signe.pdf,9.0,5.53
p_2020_9948_a_mrae_signe.pdf,163.0,
2020apo86.pdf,20.0,6.7
2020appaca30.pdf,48.0,10.0
p_2024_16222_cible_pv_hautesvignes_47signe.pdf,21.0,12.9
12162_avistacite_centralepvsol_plougragan_22_2025apb36.pdf,,
2021apcvl57.pdf,9.8,1.0
2021apcvl1.pdf,161.0,1.0
2020appaca18.pdf,54.0,11.38
7431_7446_avis_centrale_photovolt_dunkerque_stpol.pdf,26.92,26.62
20250505-ap-1859-centraleagrivoltaique-grane-26_vf.pdf,31.4,12.5
2024apge144.pdf,13.0,
2023apge63.pdf,39.6,
p_2023_14061_pv_chasseneuil_avis_signe.pdf,6.1,3.4
2024apo120.pdf,,
p_2023_13886_avis_ae_delegation_centrale_solaire_anais_16_rv.pdf,5.0,2.2
avis_mrae2020apo13.pdf,3.6,3.378
7967_avis_centralepv_st_sepulcre.pdf,71.0,1.0
2024appaca73.pdf,20.0,7.7
2024appaca67.pdf,11.3,3.174
2023apge123.pdf,19.06,
180731_2018apbfc45_parc_solaire_vitry_71.pdf,2120.0,500.0
2022apcvl65.pdf,53.5,1.0
p_2021_11727_avis_ae_collegial_centrale_pauillac_33_mrae_signe.pdf,4.6,5.0
2022apcvl71.pdf,21.0,1.0
mrae_avis_propriano_pv_vdef.pdf,50.0,5.0
2020apge55.pdf,47.0,10.6
2023apge109.pdf,82.7,62.5
2020apc7.pdf,10.0,3.8
2019-006717-41438_6717_implantation_d_une_centrale_photovoltaique_a_bruz_et_pont-pean__35_.pdf,20.0,15.8
2023apge121.pdf,128.0,1.0
240516_apara1707_necessite_actuei_centralepv_millery_69_delibere.pdf,16.5,10.734
ap_pv_salives_21delibere.pdf,92.78,
2024apo122.pdf,3.5,2.85
a_2025_5831_installation_photovoltaique_saint_vigor_delibere.pdf,32.0,20.7
2023apge61.pdf,2000.0,66.9
2024_ap-1799-parc_photovoltaique-premilhat-03_vym_vdefinitive.pdf,19.6,9.6
p_2024_16562_a_pv_maine_de_boixe_et_puyreaux_16_signe.pdf,51.1,1.0
2024apge146.pdf,48.7,
2023apge49.pdf,17.5,15.0
2025apcvl28.pdf,51.14,3.0
2023apo146.pdf,3.9,3.7
p_2020_10042_pv_dondas_47_mrae-signe.pdf,6.2,
pdl-2024-7906-projet_parc_pv_segreanjoubleu_49_2024appdl53.pdf,1.89,1.8
p_2019_7930_a_photovoltaique_savigne_86_signe.pdf,4.8,
2020appaca32.pdf,41800.0,6.05
2021apcvl55.pdf,47.0,2.0
p_2022_14006_pv_chasseneuil_avis_collegial-post-collegiale-rv-1.pdf,28.3,20.0
avis_bfc_2024-4317_projet_pv_arbois-delibere.pdf,23.6,
2020apo90.pdf,7.5,6.176
2021apo90.pdf,74.0,60.0
2021apge36.pdf,28.0,18.0
avis_mrae_2022ao58_parc_pv_roujanel.pdf,133.0,129.0
a_2022-4629_centrale_photovoltaique_vernon_delibere.pdf,158.0,12.9
pdl-2023-7300_projet_centralepv_lesachards_85_2023appdl102.pdf,32000.0,
p_2025_17458_agripv_villognon_16.pdf,29.2,18.62
2025apo71.pdf,3.9,3.6
p_2023_14084_pv_varzay_avis_signe.pdf,5.0,1.0
2024apo65.pdf,,
2025apo65.pdf,2.8,2.7
2018apge9.pdf,12.7,4.0
p_2023_14470_14469_photovoltaique_ecassefort_et_seyches_47_meeab.pdf,25.4,16.2
a_2023-5161_installation-photovolt-sol_nointot_delibere.pdf,9.9,4.931
avismrae972_2024apmar4_total_agrivoltaismev6b_signe.pdf,28.9,2.9
2023apo125-2.pdf,25.6,4.85
2025apo9.pdf,6.0,6.77
p_2023_13664_a_13667_avis_ae_formule_centrale_solaire_bizanos_aressy_meillon_rv.pdf,8.2,7.0
2022apara38__pc_parcpv_lesmartresdartiere-63.pdf,60.6,38.9
p_2023_14602_pv_au_sol_dussac-vdef-1.pdf,12.0,11.5
p_2023_15242_pv_montayral_avis_signe.pdf,13.4,1.0
6847_avis_centrale_photovoltaique_berneuilsuraisne.pdf,22.5,1.0
2021appaca61.pdf,10.0,2.7
p_2020_10442_a_photovolt_st_vallier_16_mee-1_mrae_signe-5.pdf,5.5,
p_2018_5954_avis_ae_parc_photovoltaique_au_sol_montmorillon_86_mrae_signe.pdf,4072.0,
2025apo58.pdf,23.6,19.0
2023apge20-2.pdf,6.62,5.03
p_2024_15586_pv_saint_gein_40_avis_signe.pdf,1279.0,2.99
p_2022_12201_avis_ae_proc-com_centrale_solaire_la_contie_24_mrae_signe.pdf,630.0,7.3
pdl-2022-6061_avis_centrale__pv_rochesuryon_85_2022appdl44.pdf,6.2,4.3
2025apo64.pdf,7.2,
p_2023_14302_centralepv_tremons-_47_signe.pdf,5.5,4.7
2025apo70.pdf,1.9,1.62
p_2023_14260_agripv_millac_86_rv.pdf,134.0,111.0
2024apo64.pdf,10.0,
p_2024_16297_avis_ae_collegial_restreint_centrale_antigny_86.pdf,20.6,15.35
2018apge42.pdf,5.9,
p_2019_8884_a_parc_photovoltaique_la_douze_24_mls_mrae_signe.pdf,7.0,
2021apge23.pdf,12.8,16.58
2023apcvl22.pdf,,
p_2025_17504_avis_ae_centrale_agrivoltaique_argelouse_40.pdf,206.0,123.0
2023apo15.pdf,16.9,17.03
avismrae972_2025apmar2_edf_lamentin_signe.pdf,8.5,5.91
p_2018_6838_a_mls_mrae_signe.pdf,64.7,3.76
p_2024_15538_pv_3_voie_st_exupery_et_st_bonnet_19.pdf,14.3,14.55
p_2023_14390_centrale_photovoltaique_bors_de_baignes_16_mee_signe.pdf,11.9,5.0
2023apara18_centralepv_junhac_sansacveinazes_15.pdf,130.0,29.72
2021apo85.pdf,27.0,18.6
pdl-2023-7351_centralepvetmecdp_ombreedanjou_49_2023appdl114.pdf,7.6,2.52
250627_aparaxx_parcpv_salignysurroudon_03.pdf,252.0,49.0
2024apge38.pdf,11.5,
2020appaca33.pdf,41800.0,6.05
p_2019_7806_a_mls_signe.pdf,23.0,
2023apo147.pdf,3.0,2.84
2023apge48.pdf,7.0,
2025apcvl29.pdf,17.55,9.14
p_2019_7415_avis_ae_delegation_centrale_mios_33_signe.pdf,2.2,
a_2024_5373__installation_photovoltaique_criquebeuf_delibere.pdf,27.4,1.0
2024apo123.pdf,19.75,9.0
2020appaca9.pdf,60.0,
20250331-ap-1835-agripv-lezoux-63_vf-2.pdf,11.4,7.54
2023appaca68.pdf,6.8,6.1
2019-007085-44619_7085_projet_de_centrale_photovoltaique_a_gael__35_.pdf,,
2024ap4560pvgueugnon_71delibere.pdf,28.27,
a_2025-8306_installation_photovoltaique_l_aigle_st_sulpice_delibere.pdf,3.2,
2019apge21.pdf,23.35,17.0
2023appaca40.pdf,80.0,29.48
cadrage_prealable_volieres_photovolataiques_post_seance.pdf,,
2020apc6.pdf,14.0,10.0
p_2022_12116_a_pv_arbus_64_signe.pdf,3.76,2.8
p_2018_6484_avis_ae_delego_centrale_lesperon_40_mls_signe.pdf,120.0,34.0
2024appaca58.pdf,20.0,7.5
2022apcvl72.pdf,31.5,1.0
avis_mrae2021apo8.pdf,7.0,7.0
p_2024_15577_a_agripv_taize_aizie_16_1_.pdf,144.0,10.3
pdl-2022-6051_projet-centralepv_lude_72_2022appdl41.pdf,10.1,
